GeneFamily,Size,Genome
1,36,8
2,14,4
3,2,2
4,32,8
5,7,2
6,8,3
7,2,2
8,24,7
9,7,2
10,32,7
11,3,3
12,8,2
13,5,2
14,154,34
15,6,2
16,187,42
17,7,2
18,3,3
19,4,2
20,17,4
21,15,4
22,25,6
23,22,5
24,68,18
25,14,3
26,2,2
27,4,4
28,15,4
29,2,2
30,52,12
31,10,5
32,3,2
33,2,2
34,63,15
35,18,5
36,18,4
37,25,6
38,19,6
39,10,3
40,13,4
41,8,3
42,13,3
43,15,4
44,6,2
45,11,4
46,14,4
47,9,3
48,11,3
49,19,4
50,19,5
51,15,4
52,8,3
53,8,2
54,14,3
55,23,5
56,24,8
57,4,2
58,6,2
59,28,7
60,5,2
61,9,3
62,59,12
63,13,4
64,15,4
65,21,6
66,30,8
67,10,3
68,7,3
69,11,3
70,36,9
71,5,2
72,12,3
73,7,2
74,121,25
75,10,4
76,6,4
77,17,5
78,23,5
79,7,2
80,8,2
81,37,9
82,37,9
83,18,5
84,6,2
85,15,4
86,8,3
87,19,5
88,15,3
89,19,6
90,12,3
91,25,8
92,205,51
93,8,4
94,21,5
95,16,4
96,5,5
97,23,5
98,74,16
99,17,4
100,16,4
101,20,4
102,6,2
103,16,4
104,22,5
105,14,4
106,18,5
107,16,4
108,12,3
109,9,3
110,12,3
111,32,8
112,21,5
113,37,11
114,21,5
115,24,6
116,27,9
117,25,7
118,8,2
119,10,2
120,11,3
121,42,9
122,11,2
123,5,2
124,21,5
125,7,2
126,19,5
127,10,2
128,9,2
129,8,2
130,14,3
131,72,15
132,12,4
133,13,3
134,12,4
135,18,5
136,9,2
137,26,5
138,15,4
139,10,3
140,11,3
141,2,2
142,37,9
143,6,2
144,30,7
145,18,4
146,8,3
147,7,3
148,27,9
149,7,2
150,9,3
151,19,6
152,6,2
153,23,5
154,11,4
155,5,2
156,11,2
157,71,15
158,10,2
159,2,2
160,26,7
161,10,2
162,7,2
163,11,3
164,12,2
165,5,2
166,21,6
167,3,2
168,11,3
169,17,4
170,9,3
171,17,5
172,14,4
173,37,8
174,22,5
175,9,3
176,24,6
177,12,4
178,7,2
179,19,4
180,7,2
181,11,3
182,2,2
183,141,28
184,8,2
185,13,3
186,16,4
187,14,4
188,9,3
189,17,4
190,9,3
191,9,3
192,8,2
193,3,2
194,13,3
195,7,2
196,9,2
197,5,2
198,2,2
199,15,4
200,8,3
201,11,3
202,5,2
203,9,2
204,3,2
205,2,2
206,2,2
207,2,2
208,17,6
209,17,4
210,14,5
211,13,4
212,15,4
213,13,3
214,29,8
215,12,3
216,25,6
217,21,4
218,12,4
219,12,4
220,6,3
221,26,8
222,7,3
223,3,2
224,55,12
225,18,5
226,8,2
227,21,5
228,20,4
229,26,7
230,11,2
231,19,5
232,11,3
233,8,3
234,11,3
235,21,6
236,18,5
237,7,2
238,5,2
239,9,2
240,6,2
241,8,3
242,10,2
243,26,6
244,10,2
245,20,5
246,11,3
247,10,3
248,10,2
249,36,10
250,2,2
251,9,2
252,10,3
253,15,4
254,7,2
255,8,2
256,8,2
257,15,4
258,11,4
259,3,2
260,9,3
261,33,8
262,18,5
263,13,6
264,2,2
265,31,7
266,18,4
267,2,2
268,2,2
269,2,2
270,2,2
271,2,2
272,2,2
273,2,2
274,18,5
275,8,3
276,7,2
277,6,2
278,12,4
279,6,2
280,10,3
281,21,5
282,14,3
283,5,2
284,10,3
285,4,2
286,36,10
287,3,2
288,7,2
289,9,4
290,4,2
291,8,2
292,5,2
293,2,2
294,8,2
295,8,2
296,18,4
297,12,4
298,91,23
299,10,3
300,21,5
301,8,2
302,5,2
303,31,9
304,2,2
305,6,4
306,11,3
307,2,2
308,23,5
309,13,3
310,14,4
311,13,4
312,7,2
313,7,2
314,9,2
315,7,2
316,16,4
317,7,2
318,16,4
319,11,3
320,8,3
321,4,2
322,9,3
323,7,2
324,22,6
325,7,2
326,5,2
327,47,12
328,19,4
329,4,2
330,9,3
331,20,5
332,16,4
333,15,3
334,27,6
335,6,2
336,15,4
337,10,3
338,20,4
339,10,3
340,8,2
341,8,2
342,8,2
343,13,3
344,3,3
345,10,3
346,9,2
347,11,3
348,7,2
349,8,2
350,40,10
351,6,2
352,10,2
353,9,3
354,32,7
355,15,4
356,7,2
357,39,8
358,31,7
359,15,4
360,12,3
361,2,2
362,13,3
363,8,2
364,12,3
365,9,3
366,2,2
367,10,3
368,2,2
369,2,2
370,27,6
371,3,3
372,34,7
373,8,2
374,38,8
375,24,6
376,4,2
377,6,2
378,4,2
379,59,13
380,3,2
381,10,4
382,18,4
383,5,2
384,35,7
385,14,3
386,18,4
387,7,2
388,18,4
389,2,2
390,10,2
391,39,10
392,2,2
393,22,5
394,16,5
395,11,3
396,25,5
397,22,5
398,9,3
399,14,4
400,38,8
401,6,4
402,23,5
403,15,4
404,10,3
405,12,4
406,9,3
407,12,5
408,5,2
409,8,2
410,36,7
411,7,2
412,8,2
413,8,4
414,9,2
415,8,2
416,6,2
417,7,2
418,8,2
419,11,2
420,38,11
421,8,2
422,18,4
423,2,2
424,9,2
425,20,5
426,10,4
427,7,2
428,16,4
429,8,2
430,10,3
431,18,4
432,8,2
433,12,3
434,13,4
435,15,4
436,8,2
437,24,5
438,10,3
439,18,5
440,51,11
441,30,8
442,9,3
443,8,2
444,6,2
445,11,3
446,7,2
447,14,3
448,11,3
449,2,2
450,33,7
451,8,2
452,11,3
453,6,2
454,17,4
455,19,6
456,18,4
457,12,3
458,5,2
459,5,2
460,7,2
461,5,2
462,6,2
463,10,2
464,6,2
465,89,17
466,20,5
467,2,2
468,27,7
469,15,5
470,6,2
471,7,2
472,7,2
473,8,2
474,12,3
475,5,2
476,9,2
477,12,3
478,8,2
479,12,3
480,9,2
481,8,2
482,8,2
483,33,8
484,5,2
485,11,3
486,8,2
487,17,4
488,10,2
489,5,2
490,7,3
491,17,4
492,7,3
493,44,11
494,28,7
495,11,4
496,10,3
497,14,3
498,10,3
499,3,2
500,15,4
501,17,4
502,37,8
503,11,3
504,16,5
505,19,4
506,9,2
507,21,6
508,13,4
509,12,3
510,17,4
511,9,3
512,58,14
513,21,5
514,48,11
515,27,7
516,8,2
517,8,2
518,16,5
519,110,21
520,7,2
521,43,10
522,42,9
523,2,2
524,11,3
525,6,2
526,13,4
527,15,4
528,12,4
529,3,2
530,9,2
531,33,7
532,18,5
533,5,2
534,13,4
535,79,18
536,10,2
537,10,2
538,18,5
539,13,4
540,9,3
541,7,2
542,28,7
543,28,6
544,12,3
545,25,7
546,8,2
547,5,3
548,7,2
549,10,3
550,23,5
551,11,2
552,2,2
553,9,2
554,15,4
555,22,8
556,10,3
557,13,4
558,89,18
559,14,4
560,10,2
561,13,3
562,8,3
563,10,2
564,30,7
565,12,3
566,20,5
567,12,3
568,11,2
569,7,2
570,7,2
571,5,2
572,18,4
573,14,5
574,8,2
575,12,3
576,11,3
577,26,8
578,8,2
579,12,3
580,8,3
581,11,3
582,24,6
583,7,2
584,15,4
585,9,3
586,12,3
587,26,6
588,9,2
589,10,2
590,4,2
591,12,4
592,10,3
593,3,2
594,7,3
595,27,7
596,6,3
597,24,7
598,9,2
599,7,3
600,3,2
601,8,3
602,9,3
603,4,2
604,5,2
605,8,3
606,3,2
607,4,2
608,12,4
609,5,2
610,9,4
611,8,4
612,7,2
613,2,2
614,2,2
615,2,2
616,12,3
617,10,2
618,9,2
619,12,3
620,12,3
621,6,2
622,13,3
623,18,4
624,9,2
625,4,2
626,8,2
627,5,2
628,38,7
629,10,3
630,15,3
631,2,2
632,3,2
633,12,4
634,6,2
635,15,4
636,13,3
637,13,5
638,6,2
639,18,4
640,9,2
641,64,15
642,10,3
643,29,6
644,10,4
645,19,6
646,9,2
647,7,2
648,34,10
649,8,2
650,9,2
651,7,2
652,26,7
653,8,2
654,24,5
655,12,3
656,7,3
657,42,9
658,14,3
659,53,12
660,19,6
661,2,2
662,17,5
663,20,6
664,10,3
665,27,7
666,7,2
667,31,7
668,12,3
669,9,2
670,14,3
671,23,7
672,29,6
673,21,5
674,20,6
675,21,7
676,16,5
677,17,5
678,7,2
679,26,5
680,25,7
681,5,2
682,13,3
683,10,3
684,5,2
685,9,3
686,15,4
687,8,3
688,30,8
689,22,6
690,45,11
691,44,11
692,13,4
693,13,3
694,10,3
695,12,3
696,11,3
697,13,3
698,16,3
699,11,4
700,10,2
701,13,4
702,6,2
703,6,2
704,5,2
705,33,7
706,9,2
707,17,5
708,11,3
709,25,5
710,10,3
711,11,2
712,11,4
713,5,2
714,8,2
715,16,4
716,3,2
717,6,2
718,5,2
719,9,2
720,12,4
721,9,3
722,10,2
723,10,2
724,23,6
725,26,6
726,14,4
727,17,4
728,15,3
729,10,3
730,3,2
731,4,2
732,17,4
733,90,23
734,32,7
735,17,4
736,25,6
737,17,5
738,4,2
739,28,8
740,14,4
741,14,3
742,10,3
743,11,3
744,9,2
745,15,3
746,11,3
747,12,4
748,13,3
749,14,4
750,10,3
751,7,2
752,14,3
753,5,2
754,12,3
755,43,10
756,7,2
757,10,2
758,9,2
759,24,6
760,13,3
761,9,2
762,10,2
763,10,2
764,13,4
765,11,4
766,18,6
767,11,2
768,10,2
769,10,3
770,21,5
771,8,2
772,6,2
773,9,2
774,3,2
775,7,2
776,13,3
777,6,2
778,2,2
779,3,3
780,33,9
781,10,3
782,4,4
783,9,4
784,17,5
785,9,3
786,9,2
787,6,2
788,20,4
789,12,3
790,50,11
791,20,5
792,9,2
793,10,2
794,21,5
795,10,3
796,37,11
797,6,2
798,14,4
799,21,7
800,4,2
801,13,3
802,10,2
803,13,3
804,10,3
805,11,4
806,9,3
807,11,3
808,9,2
809,13,4
810,13,3
811,4,2
812,4,2
813,7,2
814,10,2
815,5,2
816,12,2
817,24,5
818,5,2
819,11,3
820,13,4
821,11,3
822,23,5
823,18,4
824,17,4
825,6,2
826,15,4
827,7,3
828,12,4
829,25,5
830,3,2
831,7,2
832,7,2
833,6,2
834,15,4
835,7,2
836,5,2
837,5,2
838,6,2
839,7,3
840,10,3
841,12,4
842,16,4
843,23,7
844,10,2
845,21,6
846,23,6
847,11,3
848,12,4
849,10,4
850,11,4
851,10,4
852,12,4
853,17,4
854,11,4
855,14,3
856,31,8
857,12,3
858,7,2
859,24,5
860,20,5
861,20,5
862,19,4
863,13,3
864,11,3
865,12,3
866,17,4
867,9,2
868,11,2
869,9,3
870,12,4
871,5,2
872,8,3
873,6,2
874,16,4
875,11,3
876,28,6
877,4,2
878,3,3
879,16,7
880,21,4
881,22,5
882,16,3
883,46,11
884,11,4
885,14,4
886,7,2
887,7,3
888,32,8
889,18,4
890,17,5
891,20,5
892,5,2
893,8,2
894,12,4
895,2,2
896,2,2
897,5,2
898,20,5
899,10,3
900,9,2
901,8,3
902,13,3
903,12,3
904,10,3
905,8,2
906,8,2
907,10,3
908,11,3
909,15,4
910,2,2
911,2,2
912,28,6
913,7,2
914,10,2
915,7,2
916,12,2
917,4,4
918,3,3
919,14,4
920,17,6
921,8,2
922,2,2
923,8,3
924,7,2
925,6,2
926,6,2
927,8,3
928,12,2
929,9,3
930,18,4
931,10,3
932,15,4
933,54,14
934,8,2
935,19,4
936,15,4
937,30,8
938,9,3
939,7,2
940,9,3
941,7,2
942,9,2
943,8,2
944,27,8
945,10,5
946,10,4
947,2,2
948,5,2
949,10,3
950,17,4
951,11,3
952,16,4
953,2,2
954,11,4
955,7,2
956,9,2
957,11,3
958,8,2
959,8,2
960,30,7
961,9,2
962,4,2
963,20,5
964,3,2
965,2,2
966,28,8
967,23,5
968,4,2
969,28,8
970,2,2
971,4,2
972,2,2
973,2,2
974,2,2
975,2,2
976,9,2
977,9,2
978,19,6
979,7,2
980,29,6
981,28,6
982,9,2
983,11,3
984,14,4
985,7,2
986,9,3
987,11,3
988,25,6
989,22,4
990,8,2
991,7,2
992,2,2
993,19,6
994,10,2
995,10,3
996,11,3
997,10,3
998,25,5
999,10,3
1000,18,4
1001,11,4
1002,9,2
1003,12,4
1004,18,4
1005,26,6
1006,25,6
1007,7,2
1008,3,2
1009,33,8
1010,8,2
1011,10,3
1012,31,7
1013,3,2
1014,15,4
1015,11,4
1016,6,2
1017,12,3
1018,8,2
1019,26,6
1020,10,2
1021,5,2
1022,11,2
1023,6,2
1024,6,2
1025,11,3
1026,9,2
1027,8,2
1028,10,3
1029,6,2
1030,4,2
1031,4,2
1032,4,2
1033,12,3
1034,26,6
1035,10,2
1036,15,3
1037,13,4
1038,10,3
1039,3,2
1040,25,6
1041,4,2
1042,10,3
1043,2,2
1044,7,2
1045,5,2
1046,2,2
1047,2,2
1048,7,4
1049,11,3
1050,16,4
1051,30,10
1052,41,8
1053,21,4
1054,23,6
1055,8,3
1056,15,3
1057,15,3
1058,12,3
1059,14,4
1060,17,5
1061,6,2
1062,8,2
1063,14,3
1064,9,4
1065,18,5
1066,49,10
1067,2,2
1068,15,3
1069,13,4
1070,9,2
1071,8,2
1072,8,2
1073,12,3
1074,6,2
1075,19,5
1076,19,5
1077,12,3
1078,9,2
1079,12,3
1080,2,2
1081,19,5
1082,3,2
1083,2,2
1084,14,3
1085,7,3
1086,14,4
1087,7,2
1088,21,5
1089,8,2
1090,38,9
1091,17,4
1092,5,2
1093,5,2
1094,2,2
1095,4,2
1096,9,4
1097,8,3
1098,2,2
1099,7,2
1100,2,2
1101,6,2
1102,5,2
1103,4,2
1104,7,2
1105,6,2
1106,2,2
1107,2,2
1108,2,2
1109,6,2
1110,7,2
1111,7,2
1112,7,2
1113,10,3
1114,7,3
1115,9,2
1116,2,2
1117,3,2
1118,3,2
1119,11,3
1120,9,2
1121,7,2
1122,16,4
1123,13,3
1124,13,3
1125,2,2
1126,4,2
1127,6,2
1128,10,3
1129,13,4
1130,12,3
1131,11,2
1132,8,3
1133,11,3
1134,10,3
1135,13,4
1136,5,2
1137,10,2
1138,8,3
1139,9,2
1140,8,2
1141,12,4
1142,7,2
1143,6,2
1144,7,2
1145,11,2
1146,10,3
1147,8,3
1148,2,2
1149,6,2
1150,3,3
1151,8,3
1152,6,2
1153,9,2
1154,4,2
1155,10,4
1156,8,2
1157,6,2
1158,8,3
1159,13,3
1160,11,2
1161,11,3
1162,6,2
1163,34,8
1164,2,2
1165,7,2
1166,2,2
1167,4,2
1168,12,3
1169,4,2
1170,12,3
1171,4,2
1172,22,6
1173,6,2
1174,6,2
1175,6,2
1176,2,2
1177,5,2
1178,19,5
1179,11,3
1180,2,2
1181,15,3
1182,9,2
1183,26,6
1184,10,3
1185,10,3
1186,2,2
1187,16,4
1188,8,2
1189,17,4
1190,15,3
1191,15,3
1192,11,3
1193,11,3
1194,2,2
1195,15,4
1196,4,2
1197,3,2
1198,14,4
1199,2,2
1200,2,2
1201,45,10
1202,2,2
1203,2,2
1204,8,2
1205,18,4
1206,12,3
1207,11,4
1208,2,2
1209,10,3
1210,6,2
1211,33,10
1212,34,8
1213,13,3
1214,9,4
1215,2,2
1216,24,5
1217,13,4
1218,23,7
1219,2,2
1220,10,2
1221,6,2
1222,3,2
1223,20,4
1224,9,2
1225,2,2
1226,5,3
1227,7,2
1228,4,2
1229,7,2
1230,13,4
1231,10,3
1232,21,5
1233,9,3
1234,7,2
1235,12,3
1236,12,3
1237,73,16
1238,15,4
1239,8,2
1240,8,2
1241,19,6
1242,12,3
1243,10,2
1244,9,3
1245,8,2
1246,2,2
1247,10,3
1248,11,3
1249,6,2
1250,6,2
1251,9,3
1252,13,4
1253,37,9
1254,10,3
1255,8,2
1256,18,4
1257,12,3
1258,6,2
1259,9,3
1260,6,2
1261,9,2
1262,12,3
1263,12,3
1264,4,2
1265,28,7
1266,12,3
1267,9,2
1268,8,2
1269,2,2
1270,12,4
1271,6,2
1272,7,2
1273,2,2
1274,7,3
1275,3,2
1276,5,2
1277,6,2
1278,8,2
1279,6,2
1280,2,2
1281,10,3
1282,8,2
1283,9,3
1284,7,2
1285,10,2
1286,8,3
1287,4,2
1288,5,2
1289,7,3
1290,23,7
1291,24,6
1292,11,3
1293,13,4
1294,9,2
1295,22,5
1296,11,3
1297,15,4
1298,8,3
1299,12,4
1300,7,3
1301,5,2
1302,2,2
1303,5,2
1304,8,2
1305,7,2
1306,11,3
1307,9,2
1308,7,2
1309,11,2
1310,36,8
1311,30,8
1312,11,3
1313,2,2
1314,7,2
1315,3,2
1316,2,2
1317,2,2
1318,2,2
1319,2,2
1320,13,3
1321,5,2
1322,7,2
1323,5,2
1324,2,2
1325,10,3
1326,7,3
1327,12,3
1328,7,2
1329,18,4
1330,12,3
1331,21,6
1332,11,4
1333,8,2
1334,10,3
1335,16,4
1336,9,4
1337,10,2
1338,12,3
1339,13,3
1340,21,4
1341,13,3
1342,55,13
1343,16,4
1344,27,7
1345,18,5
1346,8,2
1347,7,2
1348,10,4
1349,10,3
1350,9,2
1351,8,2
1352,13,3
1353,7,2
1354,7,2
1355,6,2
1356,13,4
1357,10,2
1358,6,3
1359,9,2
1360,18,5
1361,3,2
1362,8,2
1363,18,4
1364,2,2
1365,8,3
1366,10,3
1367,5,2
1368,16,5
1369,20,6
1370,6,2
1371,5,2
1372,3,3
1373,3,2
1374,15,3
1375,7,2
1376,8,2
1377,9,3
1378,11,3
1379,9,2
1380,3,2
1381,7,2
1382,5,2
1383,10,3
1384,4,2
1385,5,2
1386,2,2
1387,3,2
1388,6,2
1389,11,3
1390,7,2
1391,8,4
1392,14,4
1393,6,2
1394,6,3
1395,8,3
1396,6,2
1397,8,2
1398,5,2
1399,24,7
1400,9,3
1401,16,4
1402,28,6
1403,10,2
1404,10,3
1405,6,2
1406,7,2
1407,14,3
1408,4,2
1409,6,2
1410,24,6
1411,11,4
1412,8,2
1413,8,2
1414,2,2
1415,7,2
1416,9,2
1417,10,3
1418,9,2
1419,10,4
1420,2,2
1421,2,2
1422,8,2
1423,26,6
1424,7,2
1425,2,2
1426,4,2
1427,7,2
1428,8,3
1429,9,2
1430,6,2
1431,13,3
1432,7,2
1433,9,2
1434,7,2
1435,14,4
1436,8,2
1437,10,2
1438,4,2
1439,6,3
1440,7,2
1441,8,3
1442,2,2
1443,6,3
1444,9,2
1445,7,2
1446,7,2
1447,9,2
1448,13,4
1449,3,2
1450,31,9
1451,16,4
1452,8,2
1453,6,2
1454,5,2
1455,9,3
1456,4,2
1457,9,4
1458,6,3
1459,7,2
1460,5,2
1461,8,2
1462,14,4
1463,12,3
1464,8,2
1465,7,2
1466,8,2
1467,47,11
1468,23,7
1469,12,4
1470,9,2
1471,7,2
1472,11,3
1473,7,2
1474,5,2
1475,9,3
1476,6,2
1477,28,6
1478,6,2
1479,12,4
1480,17,5
1481,3,2
1482,9,2
1483,11,3
1484,18,4
1485,14,3
1486,13,3
1487,5,2
1488,9,2
1489,3,2
1490,13,4
1491,6,2
1492,2,2
1493,7,2
1494,2,2
1495,9,3
1496,11,3
1497,4,2
1498,5,2
1499,11,3
1500,2,2
1501,3,3
1502,3,3
1503,3,3
1504,7,6
1505,5,3
1506,6,4
1507,2,2
1508,2,2
1509,5,3
1510,2,2
1511,6,2
1512,6,2
1513,8,2
1514,7,2
1515,2,2
1516,2,2
1517,5,2
1518,5,2
1519,6,2
1520,8,2
1521,3,2
1522,3,3
1523,4,2
1524,23,6
1525,14,3
1526,2,2
1527,19,5
1528,11,2
1529,3,3
1530,6,2
1531,7,2
1532,2,2
1533,12,4
1534,6,2
1535,4,2
1536,8,2
1537,9,2
1538,6,2
1539,12,3
1540,8,3
1541,11,3
1542,4,2
1543,7,2
1544,33,7
1545,10,4
1546,27,6
1547,3,2
1548,11,3
1549,8,2
1550,7,2
1551,14,5
1552,7,2
1553,9,3
1554,36,8
1555,31,7
1556,12,3
1557,2,2
1558,4,2
1559,9,3
1560,2,2
1561,2,2
1562,15,5
1563,7,2
1564,5,2
1565,11,3
1566,2,2
1567,6,2
1568,5,2
1569,6,2
1570,3,3
1571,5,5
1572,5,5
1573,5,5
1574,4,4
1575,4,4
1576,3,3
1577,2,2
1578,2,2
1579,3,2
1580,2,2
1581,3,2
1582,7,4
1583,3,2
1584,2,2
1585,2,2
1586,2,2
1587,2,2
1588,2,2
1589,4,2
1590,12,2
1591,2,2
1592,11,4
1593,7,2
1594,13,3
1595,7,2
1596,7,2
1597,7,2
1598,6,2
1599,22,7
1600,9,3
1601,5,2
1602,5,2
1603,4,1
1604,9,2
1605,6,2
1606,7,2
1607,4,2
1608,8,2
1609,11,3
1610,8,2
1611,8,2
1612,11,4
1613,7,2
1614,6,2
1615,8,2
1616,7,2
1617,7,2
1618,6,1
1619,13,5
1620,9,2
1621,7,2
1622,3,1
1623,2,1
1624,7,2
1625,8,2
1626,3,1
1627,6,2
1628,4,1
1629,8,2
1630,6,1
1631,4,1
1632,7,2
1633,10,2
1634,6,2
1635,5,1
1636,6,1
1637,7,2
1638,5,1
1639,5,1
1640,5,1
1641,15,4
1642,14,3
1643,15,3
1644,7,2
1645,5,3
1646,5,1
1647,5,1
1648,8,2
1649,9,2
1650,5,1
1651,5,2
1652,5,1
1653,5,1
1654,7,3
1655,5,2
1656,4,2
1657,6,2
1658,19,7
1659,13,4
1660,2,1
1661,14,5
1662,8,2
1663,7,2
1664,5,1
1665,4,1
1666,20,7
1667,3,2
1668,9,2
1669,6,2
1670,3,1
1671,9,3
1672,5,1
1673,4,1
1674,10,4
1675,30,7
1676,7,2
1677,10,3
1678,11,2
1679,5,1
1680,7,2
1681,9,2
1682,5,2
1683,25,7
1684,16,5
1685,5,2
1686,8,2
1687,12,3
1688,5,2
1689,3,1
1690,5,1
1691,15,4
1692,5,1
1693,4,1
1694,7,2
1695,5,1
1696,4,1
1697,19,4
1698,6,1
1699,4,1
1700,15,4
1701,7,2
1702,9,3
1703,6,1
1704,7,2
1705,4,2
1706,15,4
1707,9,3
1708,5,1
1709,6,1
1710,6,2
1711,2,1
1712,24,7
1713,6,1
1714,4,1
1715,7,2
1716,6,1
1717,8,2
1718,5,1
1719,4,1
1720,12,3
1721,10,4
1722,5,2
1723,4,1
1724,4,1
1725,14,3
1726,7,2
1727,7,2
1728,3,1
1729,7,2
1730,4,2
1731,8,2
1732,7,2
1733,12,3
1734,5,2
1735,4,1
1736,6,1
1737,4,2
1738,3,1
1739,5,1
1740,6,2
1741,7,2
1742,4,1
1743,2,1
1744,3,1
1745,5,1
1746,5,2
1747,15,4
1748,4,2
1749,4,1
1750,5,1
1751,6,2
1752,5,1
1753,6,2
1754,8,2
1755,6,2
1756,3,1
1757,5,1
1758,5,2
1759,4,1
1760,5,1
1761,8,2
1762,14,4
1763,18,4
1764,15,3
1765,4,1
1766,2,1
1767,6,1
1768,5,1
1769,4,1
1770,6,1
1771,2,1
1772,4,2
1773,10,3
1774,14,4
1775,4,2
1776,7,2
1777,7,2
1778,7,2
1779,7,2
1780,4,1
1781,5,1
1782,5,1
1783,5,1
1784,8,2
1785,6,1
1786,14,3
1787,8,3
1788,7,2
1789,6,1
1790,5,1
1791,10,4
1792,13,4
1793,6,1
1794,7,2
1795,3,1
1796,6,1
1797,5,1
1798,5,1
1799,6,1
1800,3,1
1801,2,1
1802,6,1
1803,6,1
1804,5,1
1805,9,2
1806,11,3
1807,11,3
1808,9,2
1809,14,4
1810,9,2
1811,5,1
1812,10,3
1813,16,4
1814,2,1
1815,6,1
1816,6,2
1817,17,4
1818,4,2
1819,4,1
1820,4,1
1821,6,3
1822,6,1
1823,12,3
1824,6,1
1825,14,4
1826,7,2
1827,9,3
1828,10,3
1829,4,1
1830,6,1
1831,6,1
1832,4,1
1833,5,1
1834,8,2
1835,5,2
1836,2,1
1837,6,2
1838,8,2
1839,12,3
1840,11,2
1841,9,2
1842,6,2
1843,6,1
1844,5,2
1845,9,2
1846,5,1
1847,6,2
1848,5,2
1849,13,3
1850,6,1
1851,5,1
1852,12,3
1853,5,1
1854,6,1
1855,6,1
1856,8,2
1857,5,1
1858,8,4
1859,12,4
1860,5,1
1861,3,2
1862,7,2
1863,6,1
1864,22,5
1865,5,1
1866,5,1
1867,4,1
1868,14,3
1869,4,1
1870,5,1
1871,3,2
1872,9,2
1873,2,1
1874,10,3
1875,6,1
1876,7,2
1877,7,2
1878,14,4
1879,6,1
1880,7,2
1881,6,1
1882,11,3
1883,6,2
1884,6,1
1885,6,2
1886,5,1
1887,6,1
1888,6,1
1889,2,1
1890,6,1
1891,6,1
1892,5,1
1893,6,1
1894,6,1
1895,6,1
1896,2,1
1897,12,3
1898,6,3
1899,5,1
1900,4,1
1901,6,2
1902,14,4
1903,14,5
1904,4,1
1905,10,4
1906,7,2
1907,6,2
1908,6,2
1909,8,2
1910,8,2
1911,17,4
1912,5,1
1913,16,4
1914,14,3
1915,5,1
1916,7,2
1917,12,4
1918,6,1
1919,4,1
1920,6,2
1921,6,1
1922,6,2
1923,7,2
1924,10,3
1925,6,1
1926,4,1
1927,3,1
1928,5,1
1929,3,1
1930,3,1
1931,7,2
1932,7,2
1933,7,2
1934,5,2
1935,2,1
1936,3,1
1937,6,2
1938,16,4
1939,3,1
1940,6,2
1941,5,2
1942,3,1
1943,3,1
1944,6,1
1945,8,2
1946,16,4
1947,4,2
1948,14,3
1949,8,2
1950,6,1
1951,8,2
1952,6,1
1953,20,4
1954,7,2
1955,5,2
1956,7,2
1957,6,1
1958,8,3
1959,9,3
1960,8,2
1961,7,2
1962,6,2
1963,11,4
1964,14,4
1965,11,3
1966,8,2
1967,9,2
1968,8,2
1969,28,6
1970,7,2
1971,12,3
1972,4,3
1973,5,2
1974,6,1
1975,5,2
1976,2,1
1977,8,3
1978,4,1
1979,5,2
1980,8,3
1981,6,1
1982,15,4
1983,8,2
1984,9,2
1985,11,3
1986,17,4
1987,13,3
1988,8,2
1989,7,2
1990,2,1
1991,15,4
1992,7,2
1993,12,3
1994,5,1
1995,6,1
1996,5,2
1997,6,1
1998,5,2
1999,8,2
2000,12,3
2001,6,2
2002,5,1
2003,6,2
2004,2,1
2005,3,1
2006,6,2
2007,10,2
2008,5,2
2009,10,4
2010,6,2
2011,18,4
2012,3,2
2013,4,1
2014,7,2
2015,3,1
2016,6,2
2017,8,2
2018,4,2
2019,18,5
2020,4,1
2021,4,1
2022,6,2
2023,6,1
2024,3,1
2025,12,2
2026,10,2
2027,8,2
2028,9,2
2029,6,1
2030,5,2
2031,2,1
2032,4,1
2033,4,1
2034,6,1
2035,10,2
2036,13,3
2037,10,2
2038,10,3
2039,6,1
2040,6,2
2041,8,2
2042,5,1
2043,6,1
2044,6,1
2045,8,2
2046,6,1
2047,10,4
2048,14,3
2049,7,2
2050,10,4
2051,3,1
2052,8,2
2053,13,3
2054,5,1
2055,5,1
2056,7,2
2057,5,1
2058,17,4
2059,18,4
2060,6,2
2061,14,4
2062,9,3
2063,8,3
2064,5,1
2065,9,2
2066,8,2
2067,12,3
2068,7,3
2069,6,3
2070,4,1
2071,3,1
2072,4,2
2073,5,1
2074,8,2
2075,10,2
2076,6,2
2077,37,10
2078,6,2
2079,6,2
2080,5,1
2081,4,1
2082,5,2
2083,4,2
2084,7,2
2085,3,1
2086,3,1
2087,4,1
2088,4,1
2089,10,2
2090,3,1
2091,5,2
2092,6,1
2093,5,1
2094,6,2
2095,3,1
2096,8,2
2097,8,3
2098,5,2
2099,7,2
2100,3,1
2101,6,1
2102,6,2
2103,7,2
2104,3,1
2105,12,3
2106,7,2
2107,8,3
2108,6,2
2109,7,2
2110,5,1
2111,5,2
2112,5,2
2113,3,2
2114,7,2
2115,4,2
2116,4,1
2117,4,2
2118,6,2
2119,10,3
2120,2,1
2121,5,1
2122,6,2
2123,3,1
2124,4,1
2125,2,1
2126,4,1
2127,7,2
2128,9,3
2129,6,2
2130,4,1
2131,6,1
2132,5,1
2133,6,2
2134,6,1
2135,12,2
2136,5,1
2137,2,1
2138,6,1
2139,5,1
2140,9,3
2141,4,1
2142,8,2
2143,7,2
2144,13,4
2145,13,3
2146,7,2
2147,6,2
2148,6,2
2149,4,1
2150,5,2
2151,8,3
2152,5,1
2153,5,1
2154,5,1
2155,12,3
2156,12,3
2157,7,2
2158,5,1
2159,9,2
2160,7,2
2161,7,2
2162,7,2
2163,6,2
2164,6,2
2165,5,1
2166,5,1
2167,4,1
2168,6,2
2169,13,4
2170,6,2
2171,6,2
2172,6,1
2173,4,1
2174,7,2
2175,5,1
2176,11,3
2177,11,3
2178,7,2
2179,8,2
2180,19,4
2181,8,4
2182,21,5
2183,6,2
2184,5,2
2185,6,1
2186,8,2
2187,8,2
2188,13,4
2189,36,8
2190,7,2
2191,3,2
2192,5,1
2193,3,1
2194,6,2
2195,4,2
2196,4,1
2197,3,1
2198,16,4
2199,7,2
2200,5,1
2201,4,1
2202,7,2
2203,3,1
2204,6,1
2205,7,2
2206,35,8
2207,10,3
2208,2,1
2209,10,3
2210,2,1
2211,4,1
2212,18,4
2213,2,1
2214,6,2
2215,3,1
2216,6,2
2217,5,2
2218,2,1
2219,3,1
2220,12,3
2221,6,1
2222,4,1
2223,2,1
2224,4,1
2225,16,5
2226,4,1
2227,7,2
2228,3,2
2229,7,2
2230,2,1
2231,6,2
2232,6,2
2233,5,1
2234,7,2
2235,4,1
2236,15,4
2237,5,2
2238,10,4
2239,6,1
2240,4,1
2241,10,2
2242,8,2
2243,2,1
2244,8,3
2245,2,1
2246,5,2
2247,6,3
2248,8,3
2249,5,2
2250,7,2
2251,5,1
2252,6,2
2253,4,2
2254,5,2
2255,5,1
2256,4,1
2257,8,4
2258,5,1
2259,6,2
2260,6,1
2261,10,3
2262,9,3
2263,8,2
2264,6,2
2265,8,2
2266,19,4
2267,9,3
2268,9,3
2269,6,1
2270,2,1
2271,11,4
2272,8,2
2273,2,1
2274,5,1
2275,3,2
2276,5,2
2277,5,1
2278,14,3
2279,5,1
2280,6,1
2281,4,2
2282,2,1
2283,13,4
2284,3,2
2285,5,1
2286,3,2
2287,5,2
2288,8,2
2289,8,2
2290,9,2
2291,7,2
2292,9,2
2293,6,1
2294,6,3
2295,14,4
2296,17,5
2297,10,4
2298,5,1
2299,6,2
2300,6,2
2301,5,1
2302,9,3
2303,8,2
2304,7,2
2305,17,5
2306,4,1
2307,8,2
2308,7,2
2309,6,2
2310,10,3
2311,4,1
2312,9,4
2313,2,1
2314,4,2
2315,6,2
2316,9,2
2317,9,2
2318,5,1
2319,5,1
2320,6,1
2321,6,2
2322,4,2
2323,7,2
2324,5,2
2325,4,2
2326,6,2
2327,4,1
2328,10,4
2329,9,2
2330,7,2
2331,13,3
2332,7,2
2333,8,2
2334,5,2
2335,7,2
2336,8,2
2337,3,2
2338,2,1
2339,5,1
2340,4,1
2341,6,2
2342,4,1
2343,20,5
2344,5,1
2345,5,1
2346,19,5
2347,10,3
2348,2,1
2349,4,1
2350,5,2
2351,9,2
2352,5,1
2353,4,1
2354,6,1
2355,5,1
2356,8,2
2357,8,3
2358,8,2
2359,6,1
2360,14,3
2361,3,1
2362,6,1
2363,7,2
2364,3,1
2365,13,3
2366,5,1
2367,16,4
2368,4,1
2369,8,2
2370,8,3
2371,4,2
2372,4,1
2373,5,1
2374,7,2
2375,4,2
2376,7,2
2377,10,2
2378,25,6
2379,7,2
2380,5,1
2381,6,1
2382,6,1
2383,4,1
2384,4,1
2385,5,1
2386,3,1
2387,6,2
2388,6,1
2389,5,1
2390,2,1
2391,4,1
2392,5,1
2393,5,1
2394,4,2
2395,2,1
2396,4,1
2397,3,2
2398,2,1
2399,11,3
2400,17,4
2401,8,2
2402,7,2
2403,6,2
2404,3,1
2405,3,1
2406,6,1
2407,4,1
2408,5,1
2409,6,1
2410,9,2
2411,8,2
2412,6,2
2413,7,2
2414,5,2
2415,5,2
2416,4,1
2417,5,1
2418,7,2
2419,8,2
2420,13,3
2421,5,2
2422,7,2
2423,4,2
2424,7,2
2425,7,2
2426,13,3
2427,7,2
2428,5,1
2429,7,2
2430,8,2
2431,8,2
2432,4,1
2433,5,1
2434,6,1
2435,8,3
2436,6,2
2437,16,4
2438,7,2
2439,8,2
2440,16,3
2441,5,1
2442,14,3
2443,7,2
2444,3,1
2445,16,3
2446,6,1
2447,18,5
2448,5,2
2449,6,2
2450,11,4
2451,4,1
2452,7,2
2453,6,2
2454,3,2
2455,12,3
2456,14,4
2457,7,2
2458,2,1
2459,4,2
2460,6,1
2461,7,2
2462,8,2
2463,3,1
2464,5,2
2465,11,3
2466,6,1
2467,4,1
2468,9,2
2469,3,1
2470,5,1
2471,10,2
2472,4,1
2473,5,1
2474,13,3
2475,19,5
2476,7,2
2477,6,1
2478,6,2
2479,9,2
2480,5,1
2481,7,2
2482,7,2
2483,13,4
2484,6,1
2485,7,2
2486,6,2
2487,4,1
2488,5,2
2489,3,1
2490,5,1
2491,17,4
2492,8,2
2493,7,2
2494,11,4
2495,6,2
2496,12,3
2497,13,4
2498,6,2
2499,5,1
2500,16,4
2501,11,3
2502,6,1
2503,4,2
2504,7,2
2505,9,2
2506,13,4
2507,7,2
2508,8,3
2509,6,2
2510,6,1
2511,6,2
2512,8,2
2513,2,1
2514,14,4
2515,14,4
2516,6,2
2517,31,8
2518,9,3
2519,8,2
2520,12,3
2521,10,3
2522,3,1
2523,3,1
2524,5,2
2525,6,1
2526,15,4
2527,5,2
2528,9,3
2529,5,2
2530,11,3
2531,4,1
2532,4,1
2533,16,4
2534,6,1
2535,12,3
2536,8,2
2537,7,2
2538,5,1
2539,5,1
2540,6,1
2541,6,2
2542,2,1
2543,5,1
2544,9,2
2545,4,1
2546,10,3
2547,10,2
2548,6,2
2549,7,2
2550,7,2
2551,4,1
2552,5,1
2553,6,1
2554,3,1
2555,8,2
2556,9,2
2557,6,2
2558,22,6
2559,2,1
2560,11,4
2561,16,3
2562,5,1
2563,7,2
2564,6,1
2565,5,1
2566,8,2
2567,6,2
2568,33,10
2569,3,1
2570,8,2
2571,19,5
2572,2,1
2573,16,6
2574,6,1
2575,26,5
2576,15,4
2577,20,4
2578,27,8
2579,4,1
2580,10,2
2581,29,7
2582,7,2
2583,6,1
2584,3,1
2585,8,3
2586,3,2
2587,10,2
2588,7,2
2589,3,1
2590,3,1
2591,3,1
2592,12,2
2593,12,3
2594,18,5
2595,8,2
2596,5,1
2597,3,1
2598,3,1
2599,5,2
2600,6,2
2601,2,1
2602,7,2
2603,8,2
2604,3,1
2605,25,7
2606,5,2
2607,6,2
2608,3,1
2609,2,1
2610,4,1
2611,6,1
2612,8,2
2613,5,2
2614,6,1
2615,6,2
2616,5,1
2617,3,1
2618,3,1
2619,5,2
2620,3,1
2621,2,1
2622,2,1
2623,2,1
2624,6,1
2625,6,2
2626,16,4
2627,2,1
2628,10,2
2629,10,3
2630,3,1
2631,6,1
2632,6,1
2633,2,1
2634,3,1
2635,11,3
2636,5,1
2637,4,1
2638,5,1
2639,7,2
2640,7,2
2641,3,1
2642,4,1
2643,10,4
2644,2,1
2645,5,1
2646,5,1
2647,4,1
2648,5,1
2649,5,1
2650,6,1
2651,6,2
2652,10,2
2653,6,1
2654,4,1
2655,14,4
2656,4,1
2657,4,1
2658,6,2
2659,5,2
2660,12,3
2661,5,1
2662,5,1
2663,9,3
2664,6,3
2665,9,2
2666,11,3
2667,12,2
2668,11,2
2669,8,3
2670,7,3
2671,8,5
2672,8,3
2673,3,2
2674,8,2
2675,10,2
2676,5,2
2677,11,3
2678,13,3
2679,6,1
2680,10,3
2681,7,3
2682,4,2
2683,2,1
2684,7,2
2685,6,1
2686,7,2
2687,3,1
2688,5,1
2689,6,1
2690,7,2
2691,2,1
2692,3,1
2693,2,1
2694,9,2
2695,7,2
2696,5,2
2697,5,2
2698,9,3
2699,7,3
2700,12,3
2701,5,1
2702,5,1
2703,6,2
2704,4,1
2705,5,1
2706,8,2
2707,2,1
2708,5,2
2709,5,2
2710,4,1
2711,4,1
2712,2,1
2713,7,2
2714,6,2
2715,19,5
2716,6,1
2717,6,1
2718,4,1
2719,5,1
2720,4,1
2721,7,2
2722,6,1
2723,5,1
2724,6,1
2725,8,2
2726,4,1
2727,9,2
2728,7,2
2729,5,1
2730,5,2
2731,5,1
2732,2,1
2733,4,1
2734,4,1
2735,5,1
2736,5,1
2737,7,2
2738,6,2
2739,10,3
2740,6,2
2741,6,2
2742,8,2
2743,6,1
2744,7,2
2745,13,4
2746,6,1
2747,6,1
2748,6,2
2749,9,3
2750,6,2
2751,5,2
2752,7,2
2753,6,1
2754,16,6
2755,7,2
2756,8,2
2757,4,1
2758,2,1
2759,9,2
2760,10,3
2761,5,1
2762,5,1
2763,5,1
2764,3,1
2765,6,4
2766,3,2
2767,13,3
2768,6,2
2769,7,3
2770,6,2
2771,7,2
2772,4,1
2773,6,1
2774,7,2
2775,7,2
2776,10,2
2777,6,2
2778,5,1
2779,11,4
2780,11,2
2781,12,4
2782,2,1
2783,6,2
2784,8,2
2785,11,3
2786,5,1
2787,8,2
2788,4,1
2789,7,2
2790,10,3
2791,5,1
2792,8,2
2793,4,1
2794,8,2
2795,6,1
2796,2,1
2797,5,1
2798,3,1
2799,3,2
2800,4,1
2801,18,4
2802,7,2
2803,5,2
2804,8,2
2805,8,2
2806,6,1
2807,3,1
2808,13,3
2809,8,2
2810,19,7
2811,3,2
2812,4,2
2813,4,1
2814,5,2
2815,7,2
2816,2,1
2817,4,2
2818,9,3
2819,7,2
2820,6,2
2821,6,2
2822,8,2
2823,7,2
2824,9,2
2825,6,2
2826,3,1
2827,15,4
2828,5,1
2829,7,2
2830,6,1
2831,2,1
2832,4,2
2833,5,1
2834,2,1
2835,2,1
2836,4,2
2837,4,1
2838,5,2
2839,5,3
2840,4,2
2841,6,1
2842,7,2
2843,5,1
2844,6,1
2845,11,5
2846,5,1
2847,11,2
2848,2,1
2849,5,1
2850,5,1
2851,4,1
2852,3,1
2853,2,1
2854,3,1
2855,8,2
2856,8,2
2857,15,4
2858,8,2
2859,5,1
2860,3,1
2861,7,2
2862,3,1
2863,4,1
2864,6,1
2865,9,2
2866,3,2
2867,2,1
2868,9,2
2869,6,2
2870,7,2
2871,2,1
2872,4,1
2873,9,2
2874,5,1
2875,6,1
2876,4,1
2877,3,2
2878,15,4
2879,5,1
2880,6,1
2881,9,2
2882,8,2
2883,3,1
2884,2,1
2885,6,2
2886,8,2
2887,4,1
2888,5,2
2889,18,4
2890,9,2
2891,14,4
2892,2,1
2893,3,2
2894,11,3
2895,4,1
2896,3,2
2897,5,2
2898,6,1
2899,4,1
2900,5,1
2901,11,4
2902,6,1
2903,7,2
2904,13,3
2905,8,3
2906,2,1
2907,5,1
2908,3,1
2909,4,1
2910,7,2
2911,3,1
2912,4,1
2913,4,2
2914,4,1
2915,6,2
2916,12,3
2917,20,4
2918,5,2
2919,6,2
2920,4,2
2921,4,1
2922,6,2
2923,3,1
2924,6,2
2925,5,1
2926,6,1
2927,5,2
2928,2,1
2929,4,1
2930,8,3
2931,6,1
2932,6,2
2933,7,2
2934,4,1
2935,13,3
2936,4,1
2937,5,1
2938,4,2
2939,6,1
2940,6,1
2941,4,1
2942,12,4
2943,6,1
2944,8,2
2945,3,2
2946,3,2
2947,5,1
2948,4,1
2949,4,1
2950,9,2
2951,6,1
2952,5,1
2953,5,2
2954,9,2
2955,7,3
2956,4,1
2957,8,2
2958,7,2
2959,6,2
2960,4,2
2961,4,1
2962,3,1
2963,8,2
2964,3,1
2965,7,2
2966,3,2
2967,5,1
2968,4,1
2969,3,1
2970,5,1
2971,5,2
2972,4,2
2973,3,1
2974,6,1
2975,6,1
2976,10,3
2977,26,6
2978,6,1
2979,8,2
2980,6,1
2981,6,3
2982,7,2
2983,7,2
2984,16,5
2985,10,3
2986,9,3
2987,6,2
2988,10,3
2989,20,6
2990,8,2
2991,7,2
2992,9,3
2993,7,2
2994,3,1
2995,11,3
2996,9,3
2997,4,1
2998,7,2
2999,6,2
3000,6,1
3001,5,1
3002,5,2
3003,16,5
3004,4,1
3005,4,1
3006,5,2
3007,5,1
3008,7,2
3009,7,2
3010,6,2
3011,6,2
3012,6,1
3013,5,2
3014,10,2
3015,7,2
3016,6,1
3017,6,1
3018,7,2
3019,12,4
3020,5,2
3021,8,2
3022,8,2
3023,6,2
3024,10,3
3025,8,2
3026,3,1
3027,5,2
3028,3,1
3029,6,2
3030,11,3
3031,10,3
3032,3,1
3033,2,1
3034,9,3
3035,8,2
3036,9,3
3037,3,1
3038,4,1
3039,6,1
3040,6,1
3041,7,2
3042,14,4
3043,6,1
3044,3,1
3045,12,3
3046,5,1
3047,6,1
3048,6,1
3049,5,2
3050,8,2
3051,5,1
3052,13,3
3053,3,1
3054,6,1
3055,4,1
3056,4,2
3057,2,1
3058,8,2
3059,3,1
3060,2,1
3061,5,2
3062,5,1
3063,7,2
3064,3,1
3065,12,3
3066,5,1
3067,6,2
3068,4,1
3069,2,1
3070,4,1
3071,7,2
3072,6,1
3073,9,2
3074,3,1
3075,3,1
3076,7,2
3077,7,2
3078,5,1
3079,4,1
3080,6,1
3081,12,3
3082,5,2
3083,6,2
3084,3,1
3085,8,2
3086,9,3
3087,5,1
3088,6,2
3089,7,2
3090,8,2
3091,5,1
3092,5,2
3093,5,1
3094,7,2
3095,5,1
3096,4,1
3097,6,2
3098,4,1
3099,10,3
3100,4,2
3101,5,1
3102,8,2
3103,5,1
3104,4,1
3105,4,1
3106,5,1
3107,5,1
3108,6,2
3109,6,1
3110,6,2
3111,3,1
3112,5,1
3113,5,1
3114,11,3
3115,4,1
3116,7,2
3117,8,2
3118,2,1
3119,5,1
3120,6,2
3121,5,1
3122,5,1
3123,9,2
3124,6,1
3125,4,1
3126,7,2
3127,4,1
3128,4,1
3129,5,1
3130,5,2
3131,4,1
3132,5,1
3133,4,1
3134,5,1
3135,6,2
3136,7,2
3137,5,2
3138,4,1
3139,5,2
3140,4,1
3141,4,1
3142,3,1
3143,3,1
3144,7,2
3145,4,1
3146,3,1
3147,4,2
3148,6,1
3149,3,1
3150,6,1
3151,6,1
3152,4,1
3153,8,2
3154,7,2
3155,6,3
3156,9,2
3157,6,1
3158,21,5
3159,7,2
3160,12,2
3161,11,2
3162,8,2
3163,13,3
3164,13,3
3165,4,1
3166,7,2
3167,7,2
3168,6,1
3169,5,1
3170,15,3
3171,7,2
3172,12,3
3173,4,1
3174,8,2
3175,8,3
3176,5,2
3177,3,1
3178,14,3
3179,4,1
3180,6,2
3181,4,1
3182,5,1
3183,3,1
3184,8,2
3185,5,1
3186,4,1
3187,9,2
3188,4,2
3189,5,2
3190,4,1
3191,18,5
3192,6,1
3193,7,2
3194,6,1
3195,5,1
3196,9,3
3197,8,2
3198,6,1
3199,6,1
3200,5,2
3201,4,1
3202,8,2
3203,8,2
3204,5,2
3205,5,1
3206,10,2
3207,6,2
3208,11,2
3209,6,2
3210,6,2
3211,5,1
3212,10,2
3213,8,2
3214,6,1
3215,5,2
3216,3,1
3217,4,1
3218,5,1
3219,4,1
3220,6,1
3221,3,1
3222,5,1
3223,4,1
3224,2,1
3225,2,1
3226,4,1
3227,4,1
3228,5,1
3229,4,1
3230,4,1
3231,5,2
3232,4,1
3233,2,1
3234,13,3
3235,8,2
3236,3,1
3237,5,1
3238,14,3
3239,8,2
3240,6,1
3241,14,4
3242,7,2
3243,4,1
3244,2,1
3245,9,2
3246,3,1
3247,5,1
3248,6,1
3249,12,3
3250,7,2
3251,6,2
3252,8,2
3253,15,3
3254,7,2
3255,6,1
3256,6,2
3257,4,2
3258,7,2
3259,4,1
3260,4,1
3261,7,2
3262,7,2
3263,2,1
3264,8,2
3265,6,1
3266,5,1
3267,7,2
3268,5,2
3269,6,1
3270,7,3
3271,13,4
3272,5,1
3273,7,2
3274,10,2
3275,6,1
3276,8,2
3277,5,1
3278,6,2
3279,6,2
3280,8,2
3281,8,2
3282,6,1
3283,5,1
3284,3,1
3285,4,1
3286,7,2
3287,6,1
3288,4,1
3289,5,1
3290,6,1
3291,12,4
3292,3,1
3293,5,2
3294,8,2
3295,12,3
3296,3,1
3297,2,1
3298,14,3
3299,6,1
3300,4,1
3301,3,2
3302,12,3
3303,2,1
3304,3,1
3305,5,1
3306,6,1
3307,4,2
3308,3,1
3309,12,3
3310,6,1
3311,8,4
3312,3,1
3313,4,1
3314,5,2
3315,3,1
3316,4,1
3317,4,1
3318,4,2
3319,5,1
3320,6,2
3321,5,1
3322,16,3
3323,4,1
3324,7,2
3325,4,2
3326,5,2
3327,7,2
3328,7,2
3329,6,1
3330,6,2
3331,4,1
3332,5,1
3333,3,1
3334,8,2
3335,8,2
3336,3,2
3337,4,1
3338,4,1
3339,2,1
3340,3,1
3341,5,1
3342,4,2
3343,7,2
3344,6,2
3345,7,2
3346,9,2
3347,4,1
3348,6,2
3349,4,1
3350,6,2
3351,2,1
3352,5,1
3353,5,1
3354,8,2
3355,13,3
3356,4,1
3357,8,2
3358,6,2
3359,3,1
3360,7,2
3361,5,1
3362,6,2
3363,3,1
3364,5,2
3365,7,2
3366,5,1
3367,4,2
3368,6,1
3369,8,2
3370,3,2
3371,5,1
3372,7,2
3373,6,1
3374,8,2
3375,7,2
3376,11,4
3377,14,4
3378,7,2
3379,12,4
3380,4,1
3381,6,1
3382,7,2
3383,8,2
3384,5,2
3385,5,1
3386,7,2
3387,7,3
3388,3,2
3389,6,2
3390,7,2
3391,7,2
3392,9,2
3393,7,2
3394,5,1
3395,5,1
3396,8,3
3397,9,2
3398,3,1
3399,7,3
3400,6,1
3401,6,1
3402,5,1
3403,4,1
3404,2,1
3405,8,2
3406,6,2
3407,12,3
3408,8,2
3409,7,2
3410,7,2
3411,2,1
3412,6,2
3413,8,3
3414,5,1
3415,4,1
3416,4,1
3417,2,1
3418,5,1
3419,2,1
3420,9,2
3421,8,2
3422,5,1
3423,8,2
3424,6,2
3425,4,1
3426,9,3
3427,5,1
3428,3,1
3429,4,1
3430,3,1
3431,4,2
3432,5,2
3433,12,4
3434,10,3
3435,5,1
3436,7,2
3437,15,4
3438,11,3
3439,6,3
3440,8,2
3441,7,2
3442,10,4
3443,3,2
3444,6,2
3445,8,2
3446,4,3
3447,7,2
3448,7,2
3449,6,2
3450,5,1
3451,4,2
3452,6,1
3453,6,2
3454,13,3
3455,4,1
3456,5,1
3457,12,4
3458,6,2
3459,5,1
3460,4,1
3461,8,2
3462,5,1
3463,6,1
3464,4,1
3465,5,1
3466,3,1
3467,7,2
3468,2,1
3469,15,4
3470,3,1
3471,2,1
3472,6,2
3473,4,1
3474,7,2
3475,7,2
3476,8,2
3477,6,2
3478,5,2
3479,2,1
3480,8,2
3481,8,2
3482,2,1
3483,4,1
3484,4,2
3485,3,1
3486,13,3
3487,5,1
3488,6,2
3489,4,1
3490,8,2
3491,7,2
3492,3,2
3493,6,1
3494,9,3
3495,6,2
3496,4,1
3497,21,5
3498,6,2
3499,6,1
3500,6,2
3501,4,1
3502,6,1
3503,5,1
3504,7,2
3505,4,1
3506,10,3
3507,6,2
3508,6,2
3509,2,1
3510,2,1
3511,5,2
3512,6,2
3513,7,3
3514,14,3
3515,6,1
3516,3,2
3517,6,1
3518,5,2
3519,8,2
3520,3,1
3521,6,2
3522,4,1
3523,3,2
3524,17,4
3525,3,2
3526,5,2
3527,6,2
3528,4,1
3529,5,1
3530,7,2
3531,5,1
3532,4,1
3533,6,2
3534,5,2
3535,3,1
3536,4,1
3537,6,1
3538,7,3
3539,3,1
3540,6,2
3541,7,2
3542,7,2
3543,4,1
3544,6,1
3545,6,1
3546,6,1
3547,5,2
3548,3,1
3549,9,2
3550,5,1
3551,5,1
3552,4,1
3553,2,1
3554,8,2
3555,9,2
3556,5,2
3557,18,4
3558,5,1
3559,9,3
3560,6,2
3561,13,4
3562,2,1
3563,4,1
3564,9,3
3565,3,1
3566,7,2
3567,2,1
3568,6,2
3569,5,1
3570,7,2
3571,4,1
3572,6,2
3573,7,2
3574,6,2
3575,3,1
3576,6,2
3577,7,2
3578,6,2
3579,6,2
3580,7,2
3581,6,1
3582,5,1
3583,6,1
3584,6,1
3585,10,3
3586,5,1
3587,2,1
3588,6,1
3589,7,2
3590,4,1
3591,5,2
3592,4,1
3593,4,1
3594,4,1
3595,4,2
3596,3,2
3597,3,1
3598,6,1
3599,7,2
3600,3,2
3601,3,1
3602,7,2
3603,4,1
3604,5,2
3605,4,2
3606,13,3
3607,7,2
3608,9,2
3609,5,2
3610,6,1
3611,7,2
3612,6,1
3613,6,2
3614,4,1
3615,10,2
3616,8,2
3617,28,6
3618,6,1
3619,7,2
3620,2,1
3621,4,1
3622,10,3
3623,7,2
3624,5,1
3625,2,1
3626,8,2
3627,4,1
3628,5,1
3629,4,1
3630,9,2
3631,6,2
3632,3,1
3633,16,3
3634,13,3
3635,4,1
3636,2,1
3637,7,2
3638,7,2
3639,5,1
3640,4,1
3641,9,2
3642,4,1
3643,5,2
3644,5,1
3645,5,1
3646,7,2
3647,4,1
3648,8,2
3649,4,1
3650,5,1
3651,3,1
3652,5,2
3653,10,2
3654,8,2
3655,8,2
3656,4,1
3657,10,3
3658,5,2
3659,7,2
3660,10,3
3661,4,2
3662,7,2
3663,5,1
3664,10,3
3665,10,2
3666,12,3
3667,4,1
3668,6,1
3669,5,1
3670,4,1
3671,4,1
3672,6,1
3673,6,2
3674,3,1
3675,6,2
3676,6,1
3677,6,1
3678,8,2
3679,4,1
3680,7,2
3681,4,1
3682,6,2
3683,6,2
3684,8,2
3685,4,1
3686,5,1
3687,2,1
3688,4,1
3689,4,1
3690,9,3
3691,9,3
3692,2,1
3693,5,2
3694,4,1
3695,9,3
3696,4,1
3697,7,2
3698,3,1
3699,9,3
3700,3,1
3701,4,1
3702,6,2
3703,4,2
3704,3,1
3705,6,1
3706,3,1
3707,6,1
3708,9,2
3709,5,2
3710,2,1
3711,4,2
3712,4,1
3713,5,1
3714,5,3
3715,13,4
3716,9,2
3717,4,1
3718,5,2
3719,13,4
3720,5,2
3721,6,1
3722,4,1
3723,4,1
3724,4,2
3725,4,1
3726,9,2
3727,6,1
3728,8,2
3729,6,2
3730,6,2
3731,4,1
3732,3,2
3733,4,1
3734,2,1
3735,6,1
3736,4,1
3737,5,1
3738,4,2
3739,4,1
3740,10,4
3741,8,2
3742,9,2
3743,16,5
3744,27,7
3745,12,3
3746,13,4
3747,8,3
3748,2,1
3749,4,3
3750,9,3
3751,10,3
3752,5,1
3753,11,2
3754,9,5
3755,11,3
3756,7,2
3757,17,5
3758,11,4
3759,5,2
3760,8,2
3761,7,2
3762,6,2
3763,8,3
3764,6,1
3765,7,2
3766,6,1
3767,3,1
3768,4,1
3769,8,2
3770,4,1
3771,5,1
3772,6,1
3773,13,4
3774,6,1
3775,6,1
3776,9,2
3777,6,1
3778,7,2
3779,7,2
3780,5,1
3781,4,1
3782,8,2
3783,7,2
3784,9,3
3785,2,1
3786,4,2
3787,5,1
3788,5,1
3789,3,1
3790,4,1
3791,2,1
3792,8,2
3793,4,1
3794,5,2
3795,8,2
3796,13,4
3797,4,1
3798,8,2
3799,2,1
3800,3,1
3801,4,1
3802,5,2
3803,4,1
3804,6,1
3805,8,2
3806,7,2
3807,5,1
3808,13,4
3809,14,4
3810,20,5
3811,2,1
3812,6,1
3813,7,2
3814,6,3
3815,6,2
3816,7,2
3817,4,1
3818,5,2
3819,14,4
3820,6,2
3821,7,2
3822,7,3
3823,9,3
3824,5,2
3825,4,1
3826,4,1
3827,4,2
3828,6,2
3829,11,4
3830,2,1
3831,9,3
3832,6,2
3833,4,1
3834,5,2
3835,3,1
3836,6,1
3837,3,1
3838,6,2
3839,5,2
3840,3,2
3841,6,2
3842,2,1
3843,2,1
3844,3,2
3845,6,1
3846,6,2
3847,7,2
3848,8,2
3849,9,2
3850,7,2
3851,7,2
3852,6,1
3853,4,1
3854,7,2
3855,11,4
3856,7,2
3857,14,4
3858,5,1
3859,4,1
3860,6,2
3861,13,3
3862,5,1
3863,6,2
3864,6,2
3865,7,2
3866,9,2
3867,4,2
3868,5,1
3869,5,2
3870,7,3
3871,5,1
3872,4,1
3873,4,1
3874,4,1
3875,4,2
3876,3,2
3877,5,1
3878,4,1
3879,4,1
3880,5,1
3881,6,1
3882,6,2
3883,4,1
3884,5,2
3885,6,2
3886,7,2
3887,5,1
3888,5,1
3889,6,1
3890,4,1
3891,5,1
3892,2,1
3893,2,1
3894,3,1
3895,6,1
3896,8,2
3897,5,1
3898,2,1
3899,7,2
3900,6,2
3901,3,2
3902,2,1
3903,7,2
3904,8,2
3905,7,2
3906,2,1
3907,9,2
3908,6,1
3909,4,1
3910,2,1
3911,4,1
3912,4,1
3913,5,1
3914,6,1
3915,5,1
3916,2,1
3917,7,2
3918,4,1
3919,6,1
3920,12,3
3921,11,3
3922,14,5
3923,5,1
3924,5,1
3925,8,2
3926,6,2
3927,6,2
3928,7,2
3929,6,2
3930,14,4
3931,6,2
3932,6,1
3933,2,1
3934,4,2
3935,2,1
3936,4,1
3937,3,1
3938,3,1
3939,7,2
3940,6,2
3941,7,2
3942,6,2
3943,5,2
3944,5,2
3945,13,4
3946,29,6
3947,6,1
3948,6,1
3949,4,1
3950,5,1
3951,3,1
3952,6,2
3953,9,2
3954,6,2
3955,4,1
3956,5,1
3957,15,3
3958,4,1
3959,6,2
3960,3,1
3961,5,2
3962,5,1
3963,4,1
3964,6,2
3965,5,1
3966,6,1
3967,8,2
3968,10,3
3969,2,1
3970,4,1
3971,5,1
3972,9,2
3973,3,1
3974,4,2
3975,5,2
3976,4,1
3977,8,2
3978,5,1
3979,5,2
3980,7,2
3981,4,1
3982,4,1
3983,5,1
3984,7,2
3985,4,1
3986,5,1
3987,10,2
3988,7,2
3989,2,1
3990,7,2
3991,6,1
3992,5,2
3993,16,3
3994,6,1
3995,5,2
3996,5,1
3997,6,2
3998,5,1
3999,16,4
4000,4,1
4001,9,2
4002,13,4
4003,7,3
4004,9,2
4005,2,1
4006,5,1
4007,3,1
4008,6,2
4009,4,1
4010,5,1
4011,7,2
4012,19,8
4013,12,3
4014,6,2
4015,6,1
4016,6,2
4017,5,1
4018,6,1
4019,5,1
4020,8,2
4021,3,1
4022,9,5
4023,3,1
4024,5,2
4025,5,2
4026,4,2
4027,9,2
4028,11,3
4029,3,1
4030,6,2
4031,3,1
4032,3,2
4033,5,2
4034,3,1
4035,5,2
4036,5,2
4037,4,1
4038,3,1
4039,4,1
4040,4,1
4041,5,1
4042,2,1
4043,4,1
4044,5,1
4045,10,4
4046,5,1
4047,5,1
4048,4,1
4049,4,1
4050,4,1
4051,4,2
4052,3,1
4053,4,1
4054,4,2
4055,5,1
4056,6,2
4057,4,1
4058,5,1
4059,6,2
4060,6,1
4061,3,1
4062,3,1
4063,4,1
4064,3,1
4065,4,2
4066,12,3
4067,6,2
4068,5,2
4069,2,1
4070,8,2
4071,8,2
4072,6,1
4073,5,1
4074,8,2
4075,5,1
4076,3,1
4077,12,3
4078,23,6
4079,6,1
4080,9,3
4081,12,4
4082,5,2
4083,3,1
4084,6,1
4085,14,3
4086,4,1
4087,11,2
4088,4,1
4089,6,1
4090,3,1
4091,6,1
4092,8,2
4093,6,1
4094,13,3
4095,12,3
4096,6,2
4097,6,2
4098,21,4
4099,4,1
4100,8,2
4101,5,2
4102,6,1
4103,6,1
4104,4,1
4105,6,1
4106,5,1
4107,8,3
4108,6,1
4109,11,3
4110,5,1
4111,9,2
4112,12,4
4113,3,1
4114,6,2
4115,6,2
4116,4,1
4117,6,2
4118,5,2
4119,4,1
4120,6,2
4121,8,2
4122,6,1
4123,14,3
4124,8,2
4125,5,2
4126,6,2
4127,6,2
4128,15,5
4129,5,1
4130,20,5
4131,5,2
4132,11,3
4133,5,1
4134,6,1
4135,5,1
4136,4,2
4137,11,2
4138,5,1
4139,6,2
4140,13,5
4141,9,2
4142,9,3
4143,11,3
4144,9,2
4145,8,2
4146,7,2
4147,9,2
4148,6,1
4149,3,1
4150,6,2
4151,5,1
4152,5,1
4153,4,1
4154,8,2
4155,12,3
4156,4,1
4157,5,2
4158,4,1
4159,5,2
4160,6,2
4161,7,2
4162,6,2
4163,6,2
4164,6,2
4165,6,1
4166,6,2
4167,13,3
4168,7,2
4169,4,2
4170,4,1
4171,5,2
4172,3,1
4173,6,1
4174,11,2
4175,2,1
4176,6,1
4177,7,3
4178,12,3
4179,7,2
4180,7,2
4181,5,1
4182,5,1
4183,6,1
4184,6,2
4185,19,5
4186,12,3
4187,11,3
4188,5,1
4189,5,1
4190,9,4
4191,16,3
4192,2,1
4193,7,2
4194,9,3
4195,7,3
4196,7,2
4197,5,1
4198,4,1
4199,5,2
4200,5,2
4201,3,1
4202,7,2
4203,23,5
4204,6,1
4205,13,3
4206,2,1
4207,3,2
4208,8,2
4209,5,1
4210,3,1
4211,10,3
4212,6,1
4213,3,1
4214,6,2
4215,8,2
4216,5,2
4217,7,2
4218,15,4
4219,5,1
4220,7,2
4221,7,2
4222,4,1
4223,6,2
4224,9,3
4225,6,1
4226,6,1
4227,6,1
4228,7,2
4229,4,1
4230,7,2
4231,6,2
4232,3,2
4233,11,2
4234,12,3
4235,11,3
4236,8,2
4237,3,1
4238,8,3
4239,8,2
4240,2,1
4241,3,2
4242,8,2
4243,7,2
4244,5,1
4245,6,1
4246,10,3
4247,5,1
4248,4,1
4249,20,6
4250,5,1
4251,7,3
4252,5,2
4253,6,2
4254,11,3
4255,5,1
4256,4,2
4257,13,3
4258,4,1
4259,6,1
4260,4,1
4261,8,3
4262,10,2
4263,4,1
4264,5,1
4265,6,2
4266,12,5
4267,5,1
4268,9,2
4269,5,1
4270,6,2
4271,8,2
4272,15,4
4273,7,2
4274,13,3
4275,4,1
4276,7,2
4277,3,1
4278,8,2
4279,9,2
4280,6,2
4281,9,3
4282,10,3
4283,16,5
4284,5,2
4285,10,2
4286,6,3
4287,3,2
4288,7,2
4289,8,2
4290,9,4
4291,7,2
4292,8,2
4293,3,1
4294,6,2
4295,5,1
4296,5,1
4297,7,2
4298,9,4
4299,6,1
4300,5,1
4301,2,1
4302,5,1
4303,8,2
4304,4,1
4305,10,3
4306,3,1
4307,5,2
4308,6,1
4309,3,1
4310,5,1
4311,6,1
4312,2,1
4313,6,1
4314,12,4
4315,5,1
4316,14,3
4317,4,2
4318,8,2
4319,6,1
4320,6,1
4321,6,2
4322,5,2
4323,5,1
4324,4,1
4325,5,1
4326,4,1
4327,5,1
4328,6,2
4329,5,1
4330,9,2
4331,4,2
4332,6,1
4333,6,2
4334,11,2
4335,3,1
4336,5,1
4337,7,2
4338,5,1
4339,9,2
4340,6,2
4341,6,2
4342,5,2
4343,9,3
4344,6,2
4345,5,1
4346,8,2
4347,3,1
4348,7,2
4349,6,1
4350,4,1
4351,10,3
4352,5,1
4353,5,1
4354,3,1
4355,14,4
4356,6,2
4357,7,2
4358,5,2
4359,6,1
4360,6,1
4361,5,1
4362,5,1
4363,3,1
4364,8,2
4365,9,2
4366,4,2
4367,6,1
4368,3,1
4369,3,1
4370,5,2
4371,11,2
4372,5,1
4373,4,1
4374,22,5
4375,7,2
4376,6,2
4377,5,2
4378,4,1
4379,4,1
4380,6,1
4381,2,1
4382,8,2
4383,9,3
4384,12,3
4385,8,2
4386,6,3
4387,6,1
4388,2,1
4389,7,2
4390,7,2
4391,6,1
4392,6,1
4393,2,1
4394,6,2
4395,4,1
4396,2,1
4397,5,1
4398,3,1
4399,2,1
4400,2,1
4401,10,3
4402,4,1
4403,6,1
4404,3,1
4405,5,1
4406,4,1
4407,6,2
4408,4,1
4409,5,1
4410,2,1
4411,8,2
4412,4,1
4413,15,4
4414,6,2
4415,16,4
4416,18,5
4417,6,2
4418,12,3
4419,7,2
4420,6,1
4421,6,1
4422,5,2
4423,10,2
4424,8,2
4425,5,1
4426,5,1
4427,4,1
4428,6,1
4429,4,1
4430,8,2
4431,5,2
4432,3,2
4433,2,1
4434,5,2
4435,9,2
4436,8,2
4437,10,3
4438,3,1
4439,6,2
4440,3,2
4441,7,2
4442,14,3
4443,7,2
4444,5,1
4445,5,1
4446,3,1
4447,11,2
4448,5,1
4449,7,2
4450,5,1
4451,4,2
4452,14,4
4453,15,3
4454,5,1
4455,6,2
4456,10,2
4457,7,2
4458,10,3
4459,11,3
4460,7,2
4461,3,1
4462,8,2
4463,4,1
4464,3,1
4465,7,2
4466,6,1
4467,6,1
4468,12,2
4469,3,1
4470,2,1
4471,6,1
4472,3,1
4473,6,1
4474,5,1
4475,2,1
4476,6,1
4477,5,1
4478,15,4
4479,5,1
4480,4,2
4481,2,1
4482,6,1
4483,3,1
4484,6,1
4485,4,1
4486,10,3
4487,5,1
4488,6,2
4489,4,2
4490,6,2
4491,8,2
4492,6,1
4493,5,1
4494,4,1
4495,5,1
4496,7,2
4497,4,1
4498,5,1
4499,5,2
4500,2,1
4501,6,1
4502,6,2
4503,7,2
4504,6,1
4505,13,5
4506,5,1
4507,11,3
4508,7,2
4509,5,1
4510,4,1
4511,6,2
4512,10,2
4513,4,1
4514,5,2
4515,6,2
4516,5,1
4517,6,1
4518,5,1
4519,9,3
4520,7,2
4521,10,2
4522,9,3
4523,10,3
4524,5,3
4525,7,2
4526,9,2
4527,3,1
4528,3,2
4529,3,1
4530,2,1
4531,4,2
4532,7,2
4533,3,1
4534,6,2
4535,3,1
4536,6,2
4537,5,2
4538,6,2
4539,3,1
4540,3,1
4541,14,3
4542,2,1
4543,8,2
4544,6,1
4545,7,2
4546,5,2
4547,6,1
4548,7,2
4549,6,2
4550,6,3
4551,6,2
4552,6,2
4553,5,2
4554,4,2
4555,4,1
4556,2,1
4557,2,1
4558,4,1
4559,6,2
4560,8,2
4561,5,1
4562,11,4
4563,2,1
4564,3,1
4565,8,2
4566,3,1
4567,12,3
4568,5,1
4569,4,1
4570,3,1
4571,17,6
4572,7,2
4573,7,2
4574,6,2
4575,5,2
4576,5,2
4577,3,2
4578,7,2
4579,5,2
4580,7,2
4581,2,1
4582,8,2
4583,4,1
4584,3,1
4585,2,1
4586,5,1
4587,6,2
4588,6,1
4589,4,2
4590,5,2
4591,5,2
4592,6,1
4593,7,2
4594,4,1
4595,6,2
4596,7,2
4597,2,1
4598,5,1
4599,4,1
4600,8,2
4601,6,1
4602,9,2
4603,5,1
4604,8,3
4605,2,1
4606,4,1
4607,8,2
4608,4,1
4609,8,2
4610,5,2
4611,4,1
4612,10,2
4613,5,1
4614,5,1
4615,7,2
4616,5,1
4617,5,1
4618,3,1
4619,2,1
4620,6,1
4621,5,2
4622,4,1
4623,5,1
4624,6,1
4625,6,1
4626,4,2
4627,10,3
4628,5,1
4629,6,1
4630,5,1
4631,4,1
4632,15,3
4633,7,2
4634,11,3
4635,7,2
4636,8,2
4637,7,2
4638,5,1
4639,9,3
4640,6,2
4641,4,1
4642,7,2
4643,7,2
4644,8,3
4645,6,2
4646,7,2
4647,4,1
4648,3,1
4649,2,1
4650,7,2
4651,10,2
4652,12,3
4653,7,2
4654,5,1
4655,5,2
4656,8,2
4657,5,1
4658,5,1
4659,8,3
4660,5,2
4661,4,1
4662,5,1
4663,5,1
4664,7,2
4665,10,2
4666,6,1
4667,5,1
4668,6,1
4669,6,1
4670,5,2
4671,6,1
4672,4,1
4673,5,1
4674,6,1
4675,10,2
4676,4,1
4677,6,1
4678,7,2
4679,7,2
4680,6,2
4681,3,1
4682,6,2
4683,4,1
4684,3,1
4685,6,2
4686,8,2
4687,5,1
4688,10,3
4689,5,1
4690,3,1
4691,5,1
4692,7,2
4693,8,3
4694,8,2
4695,4,2
4696,5,1
4697,6,1
4698,7,2
4699,7,2
4700,7,2
4701,6,2
4702,5,1
4703,4,1
4704,7,2
4705,6,2
4706,5,1
4707,5,1
4708,7,3
4709,6,2
4710,6,1
4711,3,1
4712,4,1
4713,5,2
4714,13,3
4715,5,1
4716,6,1
4717,5,1
4718,3,1
4719,9,2
4720,4,1
4721,3,1
4722,3,1
4723,5,1
4724,6,2
4725,4,1
4726,5,1
4727,4,1
4728,3,1
4729,4,2
4730,5,1
4731,4,2
4732,6,1
4733,5,2
4734,3,1
4735,6,1
4736,3,2
4737,4,3
4738,4,1
4739,4,3
4740,3,2
4741,6,1
4742,4,1
4743,6,1
4744,5,1
4745,6,2
4746,6,2
4747,4,2
4748,5,1
4749,4,1
4750,5,2
4751,10,3
4752,4,2
4753,4,1
4754,5,1
4755,11,3
4756,3,1
4757,7,2
4758,8,2
4759,2,1
4760,5,1
4761,10,3
4762,4,2
4763,12,4
4764,11,3
4765,5,2
4766,3,2
4767,6,2
4768,2,1
4769,8,2
4770,6,2
4771,6,2
4772,4,1
4773,5,1
4774,6,1
4775,7,2
4776,4,1
4777,5,1
4778,5,1
4779,3,1
4780,5,1
4781,5,1
4782,7,2
4783,3,1
4784,3,1
4785,4,1
4786,8,2
4787,4,1
4788,4,1
4789,6,1
4790,6,1
4791,2,1
4792,6,1
4793,5,1
4794,6,1
4795,6,1
4796,5,1
4797,4,2
4798,8,2
4799,7,2
4800,5,1
4801,4,2
4802,3,1
4803,6,2
4804,5,1
4805,5,1
4806,5,1
4807,3,1
4808,2,1
4809,6,2
4810,5,2
4811,4,1
4812,5,1
4813,6,1
4814,11,3
4815,11,3
4816,6,1
4817,6,2
4818,10,3
4819,22,5
4820,7,2
4821,7,2
4822,6,2
4823,4,2
4824,7,2
4825,7,2
4826,8,2
4827,4,2
4828,10,3
4829,10,3
4830,6,2
4831,5,2
4832,7,2
4833,19,6
4834,10,3
4835,10,3
4836,8,3
4837,12,3
4838,7,2
4839,5,1
4840,4,2
4841,10,4
4842,5,1
4843,5,2
4844,8,2
4845,5,2
4846,6,3
4847,6,2
4848,8,2
4849,7,2
4850,4,1
4851,6,2
4852,6,2
4853,6,1
4854,3,1
4855,4,1
4856,2,1
4857,10,2
4858,7,2
4859,10,2
4860,5,1
4861,8,2
4862,6,2
4863,4,1
4864,7,3
4865,8,2
4866,5,1
4867,4,2
4868,2,1
4869,9,3
4870,10,3
4871,7,2
4872,4,2
4873,5,3
4874,5,1
4875,3,1
4876,16,4
4877,4,2
4878,7,2
4879,6,1
4880,5,1
4881,4,1
4882,7,2
4883,4,1
4884,8,2
4885,3,1
4886,6,2
4887,7,2
4888,3,1
4889,7,2
4890,6,1
4891,8,2
4892,7,2
4893,5,2
4894,6,2
4895,4,2
4896,5,1
4897,3,1
4898,4,1
4899,6,1
4900,5,1
4901,5,1
4902,5,1
4903,4,1
4904,7,2
4905,6,1
4906,5,1
4907,8,2
4908,3,1
4909,7,2
4910,6,1
4911,7,2
4912,6,1
4913,9,3
4914,3,1
4915,2,1
4916,5,1
4917,6,2
4918,4,1
4919,6,2
4920,4,1
4921,17,5
4922,4,1
4923,5,1
4924,6,1
4925,10,2
4926,6,1
4927,6,1
4928,5,1
4929,5,2
4930,3,1
4931,5,1
4932,4,1
4933,3,1
4934,5,1
4935,2,1
4936,6,2
4937,5,1
4938,8,3
4939,9,2
4940,5,2
4941,6,1
4942,4,1
4943,4,1
4944,6,2
4945,6,1
4946,11,2
4947,6,2
4948,5,1
4949,5,1
4950,6,2
4951,5,1
4952,11,2
4953,6,1
4954,6,1
4955,6,1
4956,8,3
4957,4,1
4958,4,1
4959,5,1
4960,4,1
4961,8,2
4962,7,2
4963,5,1
4964,4,1
4965,6,1
4966,6,1
4967,6,1
4968,6,1
4969,18,5
4970,3,1
4971,5,1
4972,8,2
4973,6,1
4974,5,1
4975,6,2
4976,5,1
4977,6,2
4978,6,1
4979,6,1
4980,4,1
4981,4,1
4982,3,1
4983,7,2
4984,3,1
4985,4,1
4986,6,1
4987,2,1
4988,6,2
4989,6,2
4990,5,2
4991,11,3
4992,9,2
4993,5,1
4994,4,1
4995,5,1
4996,4,1
4997,6,1
4998,6,1
4999,5,1
5000,7,2
5001,10,2
5002,7,2
5003,2,1
5004,5,1
5005,5,2
5006,2,1
5007,19,5
5008,5,1
5009,6,2
5010,15,3
5011,5,1
5012,10,2
5013,8,2
5014,9,2
5015,7,2
5016,8,3
5017,9,3
5018,8,3
5019,7,2
5020,10,2
5021,5,2
5022,8,2
5023,10,3
5024,3,1
5025,7,2
5026,7,3
5027,4,1
5028,7,2
5029,3,1
5030,10,3
5031,15,5
5032,2,1
5033,7,2
5034,6,1
5035,6,1
5036,3,1
5037,8,2
5038,5,1
5039,9,2
5040,5,1
5041,9,2
5042,11,3
5043,4,1
5044,8,2
5045,3,1
5046,6,1
5047,5,2
5048,7,2
5049,5,1
5050,6,2
5051,10,3
5052,5,1
5053,7,2
5054,5,2
5055,6,2
5056,5,1
5057,5,1
5058,6,1
5059,12,2
5060,9,2
5061,7,3
5062,5,1
5063,4,2
5064,8,2
5065,12,3
5066,5,2
5067,7,2
5068,7,2
5069,3,1
5070,11,3
5071,11,3
5072,10,3
5073,5,2
5074,10,2
5075,2,1
5076,6,1
5077,4,1
5078,2,1
5079,5,2
5080,5,1
5081,8,2
5082,6,2
5083,3,1
5084,16,4
5085,6,1
5086,6,1
5087,4,1
5088,7,2
5089,7,2
5090,6,1
5091,5,1
5092,8,2
5093,2,1
5094,7,2
5095,6,2
5096,6,2
5097,5,1
5098,5,2
5099,6,1
5100,17,4
5101,4,1
5102,4,1
5103,6,2
5104,6,2
5105,6,2
5106,5,1
5107,4,1
5108,5,2
5109,6,1
5110,5,1
5111,5,1
5112,9,3
5113,6,1
5114,3,1
5115,10,3
5116,11,3
5117,3,1
5118,6,1
5119,6,2
5120,5,1
5121,7,2
5122,5,1
5123,8,2
5124,10,2
5125,5,1
5126,4,2
5127,6,2
5128,9,3
5129,5,2
5130,6,2
5131,6,2
5132,6,1
5133,4,2
5134,8,3
5135,5,3
5136,10,3
5137,7,2
5138,3,1
5139,5,1
5140,6,1
5141,4,1
5142,4,1
5143,5,1
5144,5,1
5145,7,2
5146,5,1
5147,6,2
5148,2,1
5149,10,2
5150,11,3
5151,6,1
5152,3,1
5153,5,1
5154,7,2
5155,10,4
5156,4,2
5157,7,2
5158,4,2
5159,6,1
5160,4,1
5161,4,1
5162,4,2
5163,5,2
5164,11,3
5165,5,1
5166,6,1
5167,2,1
5168,3,1
5169,4,1
5170,3,1
5171,5,1
5172,5,1
5173,5,1
5174,5,2
5175,2,1
5176,6,1
5177,5,1
5178,7,2
5179,7,2
5180,3,1
5181,7,2
5182,3,1
5183,6,2
5184,4,1
5185,4,3
5186,3,1
5187,8,2
5188,6,2
5189,10,3
5190,7,2
5191,10,4
5192,9,3
5193,4,1
5194,5,1
5195,4,1
5196,7,2
5197,7,2
5198,5,1
5199,8,2
5200,7,2
5201,8,2
5202,8,2
5203,4,1
5204,6,1
5205,5,1
5206,7,2
5207,6,2
5208,5,1
5209,7,2
5210,4,1
5211,6,1
5212,2,1
5213,7,2
5214,7,2
5215,5,2
5216,7,2
5217,10,3
5218,11,2
5219,3,1
5220,7,4
5221,10,3
5222,5,1
5223,5,1
5224,7,2
5225,5,1
5226,8,3
5227,4,1
5228,5,1
5229,3,1
5230,9,3
5231,5,1
5232,8,2
5233,6,2
5234,13,3
5235,9,2
5236,5,1
5237,6,2
5238,4,1
5239,4,1
5240,5,2
5241,3,1
5242,7,2
5243,2,1
5244,6,2
5245,4,1
5246,5,1
5247,10,2
5248,3,1
5249,6,1
5250,3,1
5251,3,1
5252,8,2
5253,6,1
5254,5,1
5255,16,4
5256,5,1
5257,6,1
5258,6,1
5259,4,1
5260,6,1
5261,5,1
5262,4,1
5263,6,1
5264,6,1
5265,6,1
5266,5,1
5267,4,1
5268,9,2
5269,8,2
5270,5,2
5271,4,1
5272,6,1
5273,4,1
5274,4,1
5275,9,3
5276,7,2
5277,28,8
5278,6,1
5279,4,1
5280,8,2
5281,5,1
5282,4,1
5283,6,2
5284,2,1
5285,13,4
5286,5,1
5287,7,2
5288,7,2
5289,6,2
5290,7,2
5291,4,1
5292,2,1
5293,4,1
5294,4,1
5295,3,1
5296,3,2
5297,2,1
5298,6,1
5299,7,2
5300,5,1
5301,6,1
5302,5,1
5303,9,2
5304,4,1
5305,20,5
5306,11,3
5307,9,3
5308,8,3
5309,5,2
5310,6,1
5311,9,2
5312,7,2
5313,5,1
5314,10,3
5315,9,3
5316,6,1
5317,6,2
5318,7,2
5319,7,2
5320,6,1
5321,4,1
5322,2,1
5323,4,1
5324,4,1
5325,5,1
5326,7,2
5327,5,1
5328,9,2
5329,10,2
5330,7,2
5331,6,1
5332,6,1
5333,8,2
5334,6,1
5335,4,1
5336,7,2
5337,4,1
5338,9,3
5339,5,1
5340,6,2
5341,5,1
5342,6,2
5343,6,2
5344,6,1
5345,6,3
5346,3,1
5347,3,1
5348,6,1
5349,4,2
5350,6,1
5351,6,1
5352,6,1
5353,4,1
5354,5,2
5355,8,2
5356,3,1
5357,2,1
5358,4,1
5359,5,1
5360,4,1
5361,6,2
5362,6,2
5363,5,1
5364,4,1
5365,6,1
5366,3,1
5367,5,1
5368,6,2
5369,6,1
5370,5,1
5371,7,2
5372,6,2
5373,7,2
5374,3,2
5375,2,1
5376,7,2
5377,6,1
5378,7,2
5379,3,1
5380,7,2
5381,6,1
5382,4,1
5383,2,1
5384,4,1
5385,5,1
5386,11,3
5387,7,2
5388,6,2
5389,6,2
5390,2,1
5391,5,1
5392,5,1
5393,8,2
5394,10,2
5395,6,1
5396,3,2
5397,5,1
5398,5,1
5399,8,2
5400,7,3
5401,6,1
5402,5,2
5403,9,2
5404,7,2
5405,6,2
5406,7,3
5407,7,2
5408,5,2
5409,6,1
5410,4,2
5411,3,1
5412,7,2
5413,5,1
5414,5,2
5415,6,1
5416,6,2
5417,8,2
5418,4,2
5419,11,3
5420,5,2
5421,5,1
5422,5,2
5423,7,2
5424,5,1
5425,5,2
5426,6,1
5427,5,1
5428,8,2
5429,4,1
5430,11,2
5431,16,5
5432,6,1
5433,7,2
5434,4,1
5435,8,2
5436,4,1
5437,10,3
5438,4,1
5439,6,2
5440,6,1
5441,5,1
5442,5,1
5443,8,2
5444,5,1
5445,6,1
5446,4,1
5447,6,1
5448,3,1
5449,11,2
5450,4,1
5451,8,2
5452,6,1
5453,6,2
5454,5,1
5455,5,1
5456,6,1
5457,2,1
5458,5,2
5459,11,3
5460,5,1
5461,2,1
5462,2,1
5463,6,1
5464,6,1
5465,6,1
5466,6,1
5467,5,1
5468,4,1
5469,7,2
5470,5,1
5471,2,1
5472,8,2
5473,6,1
5474,4,1
5475,5,1
5476,5,1
5477,6,1
5478,6,1
5479,6,1
5480,6,2
5481,2,1
5482,6,1
5483,5,1
5484,5,1
5485,4,1
5486,6,1
5487,11,3
5488,8,2
5489,6,1
5490,4,1
5491,16,5
5492,5,1
5493,3,1
5494,4,1
5495,4,1
5496,7,2
5497,5,1
5498,6,1
5499,5,1
5500,16,4
5501,8,2
5502,10,3
5503,6,2
5504,7,2
5505,13,4
5506,9,2
5507,7,2
5508,3,2
5509,2,1
5510,6,2
5511,4,1
5512,14,4
5513,8,2
5514,6,2
5515,15,4
5516,7,2
5517,7,2
5518,7,2
5519,5,2
5520,4,3
5521,7,2
5522,8,2
5523,4,1
5524,3,1
5525,2,1
5526,4,2
5527,10,3
5528,6,1
5529,6,1
5530,5,1
5531,6,2
5532,6,1
5533,7,2
5534,2,1
5535,5,1
5536,7,2
5537,5,1
5538,3,1
5539,7,2
5540,2,1
5541,5,1
5542,5,1
5543,7,2
5544,6,2
5545,5,1
5546,6,2
5547,8,2
5548,5,1
5549,6,1
5550,5,2
5551,6,2
5552,6,2
5553,4,1
5554,6,2
5555,8,2
5556,8,2
5557,6,1
5558,6,2
5559,7,2
5560,3,1
5561,14,5
5562,2,1
5563,5,1
5564,7,2
5565,5,1
5566,7,2
5567,6,1
5568,6,1
5569,7,2
5570,5,2
5571,4,1
5572,7,2
5573,11,3
5574,11,3
5575,4,2
5576,4,1
5577,2,1
5578,7,2
5579,6,1
5580,6,2
5581,7,2
5582,5,1
5583,6,1
5584,5,1
5585,6,1
5586,9,2
5587,7,4
5588,5,2
5589,2,1
5590,9,3
5591,5,1
5592,4,2
5593,6,2
5594,4,1
5595,4,1
5596,6,2
5597,5,1
5598,2,1
5599,9,3
5600,6,2
5601,8,3
5602,5,1
5603,4,1
5604,4,1
5605,6,2
5606,5,1
5607,4,1
5608,4,1
5609,5,1
5610,6,1
5611,4,1
5612,5,2
5613,6,2
5614,5,1
5615,4,1
5616,5,1
5617,6,2
5618,3,1
5619,5,1
5620,6,1
5621,5,1
5622,2,1
5623,9,3
5624,5,1
5625,5,1
5626,6,1
5627,7,2
5628,4,1
5629,5,1
5630,5,1
5631,4,1
5632,4,1
5633,5,1
5634,4,1
5635,4,1
5636,3,1
5637,4,1
5638,12,4
5639,9,2
5640,4,2
5641,4,1
5642,5,2
5643,9,2
5644,7,2
5645,10,2
5646,5,1
5647,11,3
5648,6,2
5649,6,1
5650,4,1
5651,7,2
5652,3,1
5653,8,4
5654,8,2
5655,5,1
5656,5,1
5657,3,2
5658,9,3
5659,6,2
5660,5,1
5661,7,2
5662,6,1
5663,5,1
5664,5,1
5665,11,3
5666,3,1
5667,8,2
5668,5,1
5669,9,2
5670,12,3
5671,6,3
5672,6,2
5673,12,3
5674,5,1
5675,5,2
5676,4,1
5677,4,1
5678,8,3
5679,10,2
5680,5,1
5681,7,3
5682,5,1
5683,8,2
5684,3,1
5685,5,1
5686,5,2
5687,5,1
5688,7,2
5689,3,1
5690,6,1
5691,3,1
5692,5,1
5693,7,2
5694,7,2
5695,7,2
5696,6,1
5697,3,1
5698,3,1
5699,4,1
5700,9,2
5701,5,2
5702,8,2
5703,5,1
5704,5,1
5705,8,2
5706,6,2
5707,5,1
5708,3,1
5709,3,1
5710,5,1
5711,4,1
5712,5,2
5713,6,1
5714,11,3
5715,4,1
5716,6,1
5717,5,2
5718,6,2
5719,5,1
5720,5,1
5721,5,1
5722,5,1
5723,3,1
5724,3,2
5725,2,1
5726,5,1
5727,2,1
5728,4,1
5729,5,2
5730,6,1
5731,6,1
5732,2,1
5733,5,1
5734,6,2
5735,8,2
5736,8,2
5737,3,2
5738,3,2
5739,9,3
5740,7,2
5741,7,2
5742,4,2
5743,6,1
5744,6,2
5745,6,1
5746,2,1
5747,3,1
5748,6,2
5749,6,1
5750,3,2
5751,9,2
5752,7,2
5753,5,1
5754,4,1
5755,7,2
5756,6,1
5757,2,1
5758,5,2
5759,9,2
5760,2,1
5761,3,1
5762,3,1
5763,9,2
5764,7,3
5765,4,1
5766,13,4
5767,8,4
5768,8,2
5769,4,1
5770,6,1
5771,7,2
5772,3,1
5773,5,1
5774,3,1
5775,6,1
5776,13,3
5777,11,3
5778,6,2
5779,5,1
5780,12,3
5781,9,3
5782,16,5
5783,11,3
5784,9,2
5785,5,3
5786,9,2
5787,8,2
5788,9,2
5789,9,2
5790,3,1
5791,6,1
5792,5,2
5793,4,1
5794,6,2
5795,6,1
5796,10,4
5797,7,2
5798,7,2
5799,6,2
5800,6,2
5801,7,2
5802,6,1
5803,9,3
5804,12,4
5805,5,2
5806,5,2
5807,4,1
5808,6,2
5809,5,1
5810,4,1
5811,4,1
5812,6,2
5813,6,2
5814,8,2
5815,7,2
5816,6,1
5817,8,2
5818,2,1
5819,2,1
5820,6,1
5821,6,1
5822,4,1
5823,2,1
5824,6,2
5825,6,2
5826,7,2
5827,8,2
5828,5,1
5829,7,2
5830,3,1
5831,5,2
5832,7,2
5833,5,2
5834,6,1
5835,6,2
5836,6,1
5837,7,2
5838,6,2
5839,4,1
5840,5,1
5841,7,2
5842,5,1
5843,6,2
5844,5,1
5845,6,1
5846,6,2
5847,6,2
5848,10,3
5849,8,2
5850,3,1
5851,2,1
5852,9,2
5853,4,2
5854,5,1
5855,2,1
5856,2,1
5857,3,1
5858,3,1
5859,7,2
5860,4,2
5861,4,2
5862,8,2
5863,3,2
5864,6,2
5865,4,1
5866,4,1
5867,3,1
5868,3,1
5869,5,1
5870,3,1
5871,5,1
5872,4,1
5873,3,1
5874,2,1
5875,6,2
5876,5,1
5877,2,1
5878,6,2
5879,3,1
5880,6,2
5881,7,2
5882,9,2
5883,7,2
5884,4,1
5885,3,1
5886,6,2
5887,5,2
5888,5,2
5889,5,2
5890,5,2
5891,5,1
5892,2,1
5893,4,1
5894,6,2
5895,4,1
5896,6,2
5897,2,1
5898,2,1
5899,7,2
5900,6,2
5901,3,1
5902,3,1
5903,6,2
5904,3,1
5905,4,1
5906,6,1
5907,2,1
5908,10,3
5909,4,1
5910,4,1
5911,5,1
5912,5,1
5913,5,1
5914,3,1
5915,7,2
5916,3,1
5917,4,1
5918,5,1
5919,2,1
5920,8,3
5921,4,1
5922,3,2
5923,8,2
5924,8,3
5925,8,2
5926,5,1
5927,4,1
5928,4,1
5929,2,1
5930,7,3
5931,3,1
5932,6,2
5933,5,1
5934,4,2
5935,2,1
5936,6,2
5937,5,1
5938,4,1
5939,4,1
5940,7,2
5941,5,1
5942,5,2
5943,2,1
5944,4,1
5945,6,1
5946,6,2
5947,5,1
5948,5,2
5949,5,1
5950,5,2
5951,4,1
5952,6,2
5953,5,1
5954,4,1
5955,4,1
5956,7,2
5957,5,1
5958,5,1
5959,5,2
5960,5,1
5961,4,1
5962,6,2
5963,3,1
5964,5,1
5965,5,1
5966,5,1
5967,2,1
5968,5,1
5969,4,1
5970,4,1
5971,3,1
5972,5,2
5973,4,1
5974,5,1
5975,10,3
5976,2,1
5977,3,1
5978,4,1
5979,2,1
5980,2,1
5981,7,2
5982,3,1
5983,4,2
5984,4,2
5985,3,1
5986,5,2
5987,5,1
5988,4,1
5989,3,1
5990,3,1
5991,6,2
5992,2,1
5993,2,1
5994,7,2
5995,4,1
5996,2,1
5997,4,1
5998,6,2
5999,7,2
6000,8,2
6001,6,1
6002,2,1
6003,3,1
6004,8,2
6005,5,2
6006,5,2
6007,18,4
6008,4,1
6009,4,2
6010,9,3
6011,3,1
6012,4,1
6013,4,1
6014,5,1
6015,2,1
6016,3,1
6017,2,1
6018,3,1
6019,4,1
6020,6,2
6021,5,1
6022,3,2
6023,2,1
6024,9,3
6025,3,1
6026,4,1
6027,5,1
6028,8,2
6029,3,1
6030,8,2
6031,8,2
6032,4,1
6033,8,3
6034,5,1
6035,2,1
6036,5,1
6037,4,1
6038,4,1
6039,4,1
6040,6,2
6041,5,1
6042,3,1
6043,4,1
6044,3,1
6045,5,1
6046,6,2
6047,3,1
6048,5,1
6049,4,1
6050,2,1
6051,3,2
6052,2,1
6053,5,2
6054,3,1
6055,4,1
6056,4,1
6057,6,2
6058,2,1
6059,4,1
6060,2,1
6061,9,2
6062,6,2
6063,5,1
6064,7,2
6065,3,1
6066,2,1
6067,5,1
6068,3,1
6069,5,1
6070,2,1
6071,6,2
6072,6,1
6073,2,1
6074,5,1
6075,7,2
6076,4,1
6077,5,2
6078,5,1
6079,5,1
6080,5,2
6081,9,2
6082,2,1
6083,2,1
6084,6,2
6085,5,2
6086,5,1
6087,4,1
6088,5,1
6089,5,2
6090,13,4
6091,4,1
6092,3,1
6093,5,2
6094,2,1
6095,5,1
6096,2,1
6097,5,1
6098,4,1
6099,6,1
6100,4,1
6101,8,2
6102,8,2
6103,6,2
6104,9,2
6105,4,1
6106,2,1
6107,4,1
6108,13,3
6109,5,1
6110,5,2
6111,6,1
6112,5,1
6113,5,1
6114,2,1
6115,4,1
6116,4,2
6117,5,1
6118,2,1
6119,8,2
6120,5,2
6121,3,1
6122,2,1
6123,5,1
6124,9,3
6125,2,1
6126,11,3
6127,5,1
6128,7,3
6129,3,1
6130,3,1
6131,9,3
6132,5,1
6133,4,1
6134,6,1
6135,5,2
6136,6,2
6137,3,1
6138,2,1
6139,6,2
6140,3,1
6141,8,3
6142,5,2
6143,4,1
6144,5,1
6145,2,1
6146,5,1
6147,4,1
6148,4,1
6149,4,1
6150,4,1
6151,5,1
6152,4,1
6153,24,6
6154,3,1
6155,6,2
6156,7,2
6157,5,1
6158,5,1
6159,3,1
6160,4,1
6161,5,1
6162,4,1
6163,5,1
6164,5,1
6165,4,2
6166,5,1
6167,4,1
6168,4,1
6169,8,2
6170,4,1
6171,3,1
6172,2,1
6173,4,1
6174,5,1
6175,6,2
6176,4,1
6177,5,1
6178,5,1
6179,5,1
6180,2,1
6181,4,1
6182,6,2
6183,5,1
6184,4,1
6185,6,2
6186,3,1
6187,3,1
6188,3,1
6189,6,2
6190,3,1
6191,5,1
6192,2,1
6193,9,3
6194,4,2
6195,4,1
6196,6,2
6197,5,1
6198,5,2
6199,4,1
6200,9,3
6201,5,1
6202,5,1
6203,4,1
6204,8,3
6205,6,2
6206,6,2
6207,3,1
6208,5,1
6209,5,1
6210,5,1
6211,5,1
6212,3,1
6213,3,1
6214,3,1
6215,4,2
6216,3,1
6217,3,1
6218,5,1
6219,3,1
6220,6,2
6221,5,1
6222,12,3
6223,4,1
6224,2,1
6225,6,1
6226,5,1
6227,9,2
6228,5,1
6229,5,1
6230,7,2
6231,2,1
6232,2,1
6233,6,1
6234,6,2
6235,4,1
6236,6,2
6237,2,1
6238,4,1
6239,6,2
6240,2,1
6241,5,1
6242,4,1
6243,3,2
6244,5,1
6245,5,2
6246,5,1
6247,5,1
6248,5,2
6249,8,3
6250,4,1
6251,4,1
6252,4,1
6253,5,1
6254,3,1
6255,2,1
6256,6,2
6257,3,2
6258,3,1
6259,4,1
6260,6,2
6261,5,1
6262,5,1
6263,3,1
6264,4,1
6265,8,3
6266,3,1
6267,5,1
6268,5,2
6269,7,2
6270,7,2
6271,2,1
6272,2,1
6273,6,2
6274,6,1
6275,2,1
6276,6,2
6277,2,1
6278,4,2
6279,2,1
6280,5,2
6281,2,1
6282,3,1
6283,6,1
6284,3,1
6285,7,2
6286,2,1
6287,10,4
6288,5,1
6289,7,2
6290,5,1
6291,5,1
6292,6,1
6293,4,2
6294,4,1
6295,10,3
6296,5,2
6297,5,1
6298,2,1
6299,3,1
6300,6,1
6301,3,1
6302,4,1
6303,5,1
6304,4,1
6305,5,1
6306,2,1
6307,5,2
6308,10,3
6309,5,1
6310,5,2
6311,3,1
6312,9,3
6313,4,2
6314,4,1
6315,5,1
6316,2,1
6317,2,1
6318,10,4
6319,3,2
6320,8,2
6321,11,3
6322,5,1
6323,3,1
6324,4,1
6325,6,2
6326,4,1
6327,3,1
6328,5,1
6329,4,1
6330,4,1
6331,10,3
6332,5,1
6333,6,1
6334,4,2
6335,3,1
6336,6,2
6337,2,1
6338,6,2
6339,3,1
6340,4,1
6341,4,1
6342,4,1
6343,3,1
6344,5,1
6345,6,2
6346,10,2
6347,14,3
6348,5,1
6349,3,1
6350,5,1
6351,7,2
6352,5,2
6353,6,2
6354,4,1
6355,6,2
6356,3,1
6357,2,1
6358,2,1
6359,5,2
6360,7,2
6361,2,1
6362,5,1
6363,4,1
6364,2,1
6365,5,2
6366,4,2
6367,5,1
6368,5,1
6369,2,1
6370,2,1
6371,5,2
6372,5,1
6373,10,3
6374,5,1
6375,5,1
6376,3,1
6377,7,2
6378,6,1
6379,5,1
6380,5,1
6381,2,1
6382,4,2
6383,4,1
6384,3,1
6385,4,1
6386,2,1
6387,5,2
6388,5,1
6389,3,1
6390,4,1
6391,2,1
6392,4,1
6393,6,3
6394,7,2
6395,4,1
6396,4,1
6397,2,1
6398,6,1
6399,6,1
6400,4,1
6401,7,2
6402,5,1
6403,5,1
6404,2,1
6405,5,1
6406,4,1
6407,6,1
6408,2,1
6409,7,2
6410,6,1
6411,5,1
6412,5,1
6413,2,1
6414,6,1
6415,5,1
6416,2,1
6417,3,1
6418,4,1
6419,3,1
6420,6,2
6421,4,2
6422,2,1
6423,3,1
6424,4,1
6425,6,2
6426,4,1
6427,4,1
6428,4,2
6429,2,1
6430,5,1
6431,6,1
6432,4,1
6433,3,1
6434,2,1
6435,7,2
6436,6,1
6437,2,1
6438,2,1
6439,8,2
6440,8,3
6441,5,1
6442,5,1
6443,7,2
6444,3,1
6445,2,1
6446,6,2
6447,4,1
6448,2,1
6449,3,1
6450,4,1
6451,4,1
6452,11,3
6453,4,1
6454,2,1
6455,6,1
6456,5,1
6457,2,1
6458,4,1
6459,2,1
6460,6,2
6461,4,1
6462,5,1
6463,5,1
6464,5,1
6465,4,1
6466,5,1
6467,5,1
6468,3,1
6469,3,1
6470,4,1
6471,5,1
6472,4,1
6473,6,2
6474,7,2
6475,5,1
6476,4,1
6477,2,1
6478,11,3
6479,5,1
6480,6,1
6481,3,1
6482,4,1
6483,8,3
6484,6,1
6485,5,1
6486,5,1
6487,2,1
6488,3,1
6489,4,2
6490,3,1
6491,4,1
6492,2,1
6493,8,2
6494,8,2
6495,15,3
6496,7,2
6497,3,1
6498,5,1
6499,5,1
6500,3,1
6501,3,1
6502,6,1
6503,2,1
6504,4,1
6505,5,2
6506,6,1
6507,4,2
6508,7,2
6509,4,1
6510,4,2
6511,4,1
6512,2,1
6513,7,2
6514,6,1
6515,5,2
6516,8,2
6517,5,1
6518,13,3
6519,3,2
6520,4,2
6521,3,1
6522,5,1
6523,2,1
6524,4,1
6525,8,3
6526,2,1
6527,5,2
6528,2,1
6529,5,2
6530,10,2
6531,9,3
6532,8,4
6533,6,2
6534,4,1
6535,4,1
6536,4,2
6537,5,1
6538,4,1
6539,3,1
6540,5,1
6541,5,1
6542,7,2
6543,4,1
6544,3,1
6545,5,1
6546,5,1
6547,2,1
6548,6,2
6549,5,1
6550,6,1
6551,3,1
6552,2,1
6553,5,1
6554,5,1
6555,2,1
6556,5,1
6557,3,1
6558,3,1
6559,4,1
6560,5,1
6561,8,2
6562,8,3
6563,3,1
6564,5,1
6565,5,1
6566,2,1
6567,4,1
6568,5,1
6569,4,1
6570,7,2
6571,4,1
6572,4,1
6573,6,2
6574,5,2
6575,8,2
6576,3,1
6577,5,1
6578,5,2
6579,4,1
6580,3,1
6581,4,1
6582,3,1
6583,2,1
6584,3,1
6585,5,1
6586,6,2
6587,2,1
6588,3,1
6589,4,1
6590,3,1
6591,4,2
6592,3,1
6593,2,1
6594,5,1
6595,2,1
6596,2,1
6597,5,2
6598,5,1
6599,4,1
6600,6,2
6601,5,1
6602,5,1
6603,5,1
6604,3,1
6605,5,1
6606,6,1
6607,2,1
6608,2,1
6609,4,2
6610,4,1
6611,3,1
6612,2,1
6613,2,1
6614,6,2
6615,5,1
6616,3,1
6617,2,1
6618,2,1
6619,2,1
6620,8,3
6621,4,1
6622,2,1
6623,3,1
6624,6,2
6625,4,1
6626,3,1
6627,4,2
6628,6,2
6629,4,2
6630,3,1
6631,4,1
6632,4,2
6633,5,1
6634,4,1
6635,2,1
6636,4,1
6637,5,2
6638,6,2
6639,7,2
6640,5,1
6641,4,1
6642,6,2
6643,4,1
6644,5,1
6645,5,1
6646,4,1
6647,2,1
6648,2,1
6649,2,1
6650,5,1
6651,2,1
6652,2,1
6653,2,1
6654,4,1
6655,3,1
6656,6,2
6657,4,1
6658,6,2
6659,4,1
6660,4,1
6661,4,1
6662,3,1
6663,2,1
6664,8,2
6665,4,1
6666,2,1
6667,8,3
6668,2,1
6669,4,1
6670,2,1
6671,3,1
6672,5,1
6673,8,2
6674,3,1
6675,4,1
6676,3,1
6677,4,1
6678,4,1
6679,5,2
6680,4,1
6681,6,2
6682,2,1
6683,3,1
6684,4,2
6685,3,1
6686,5,1
6687,2,1
6688,2,1
6689,2,1
6690,5,1
6691,2,1
6692,3,1
6693,2,1
6694,3,1
6695,2,1
6696,4,1
6697,4,2
6698,3,2
6699,9,2
6700,4,1
6701,3,1
6702,4,1
6703,2,1
6704,4,1
6705,4,1
6706,6,2
6707,2,1
6708,2,1
6709,3,1
6710,4,1
6711,11,2
6712,4,1
6713,2,1
6714,3,1
6715,6,2
6716,5,1
6717,3,1
6718,5,1
6719,6,2
6720,2,1
6721,6,1
6722,7,2
6723,3,1
6724,2,1
6725,4,1
6726,8,3
6727,2,1
6728,5,2
6729,2,1
6730,4,1
6731,7,3
6732,3,1
6733,4,1
6734,3,1
6735,5,1
6736,6,2
6737,2,1
6738,2,1
6739,2,1
6740,2,1
6741,4,1
6742,5,2
6743,3,1
6744,6,2
6745,4,1
6746,8,2
6747,2,1
6748,6,2
6749,6,1
6750,6,2
6751,5,2
6752,5,1
6753,5,2
6754,5,1
6755,3,1
6756,4,2
6757,2,1
6758,7,3
6759,5,2
6760,2,1
6761,17,5
6762,5,1
6763,7,2
6764,6,1
6765,4,1
6766,2,1
6767,14,4
6768,2,1
6769,4,1
6770,5,1
6771,6,2
6772,4,1
6773,2,1
6774,3,1
6775,4,1
6776,3,1
6777,5,1
6778,3,1
6779,2,1
6780,6,2
6781,8,2
6782,5,1
6783,4,1
6784,4,2
6785,4,1
6786,4,1
6787,5,1
6788,2,1
6789,5,2
6790,5,2
6791,3,1
6792,6,1
6793,7,2
6794,6,1
6795,5,1
6796,5,1
6797,6,1
6798,9,3
6799,9,2
6800,5,1
6801,6,1
6802,6,2
6803,5,1
6804,8,2
6805,5,1
6806,5,1
6807,3,2
6808,4,1
6809,5,1
6810,6,1
6811,6,1
6812,4,1
6813,3,1
6814,6,1
6815,9,2
6816,6,1
6817,5,1
6818,4,1
6819,5,2
6820,5,1
6821,9,2
6822,4,1
6823,6,1
6824,2,1
6825,6,1
6826,3,1
6827,3,1
6828,3,1
6829,4,1
6830,2,1
6831,4,1
6832,7,2
6833,3,2
6834,2,1
6835,2,1
6836,2,1
6837,8,2
6838,2,1
6839,6,2
6840,5,2
6841,2,1
6842,3,1
6843,2,1
6844,3,1
6845,5,1
6846,3,1
6847,6,1
6848,3,1
6849,7,2
6850,3,1
6851,5,1
6852,4,1
6853,4,1
6854,5,2
6855,5,2
6856,6,2
6857,5,1
6858,6,1
6859,3,1
6860,3,1
6861,4,1
6862,6,2
6863,6,2
6864,2,1
6865,3,1
6866,2,1
6867,3,2
6868,6,1
6869,8,2
6870,7,2
6871,3,1
6872,2,1
6873,6,2
6874,2,1
6875,6,2
6876,5,1
6877,2,1
6878,4,1
6879,4,1
6880,3,1
6881,5,1
6882,3,1
6883,2,1
6884,5,2
6885,5,1
6886,2,1
6887,7,2
6888,5,2
6889,4,1
6890,4,1
6891,3,1
6892,3,1
6893,3,1
6894,4,1
6895,4,1
6896,6,1
6897,2,1
6898,4,2
6899,5,1
6900,5,2
6901,4,2
6902,4,1
6903,3,1
6904,3,1
6905,4,1
6906,4,1
6907,4,1
6908,6,2
6909,3,1
6910,8,3
6911,3,1
6912,9,4
6913,5,2
6914,2,1
6915,4,2
6916,4,1
6917,3,1
6918,2,1
6919,9,3
6920,3,1
6921,7,2
6922,5,2
6923,7,2
6924,6,1
6925,3,1
6926,2,1
6927,4,1
6928,4,1
6929,4,1
6930,4,1
6931,5,1
6932,4,1
6933,3,1
6934,4,1
6935,4,1
6936,4,1
6937,3,1
6938,2,1
6939,5,1
6940,3,1
6941,2,1
6942,4,1
6943,3,1
6944,2,1
6945,2,1
6946,2,1
6947,2,1
6948,7,2
6949,2,1
6950,6,1
6951,6,1
6952,5,2
6953,4,1
6954,2,1
6955,2,1
6956,2,1
6957,2,1
6958,5,4
6959,3,2
6960,4,2
6961,5,1
6962,5,2
6963,5,1
6964,5,1
6965,2,1
6966,4,1
6967,2,1
6968,3,1
6969,2,1
6970,3,2
6971,5,2
6972,2,1
6973,2,1
6974,6,1
6975,14,4
6976,4,1
6977,4,2
6978,3,1
6979,2,1
6980,3,1
6981,3,1
6982,2,1
6983,8,2
6984,6,3
6985,4,1
6986,6,2
6987,2,1
6988,4,1
6989,2,1
6990,4,1
6991,5,1
6992,4,1
6993,4,1
6994,3,1
6995,3,1
6996,7,2
6997,3,1
6998,2,1
6999,5,2
7000,3,1
7001,3,1
7002,3,1
7003,3,1
7004,7,3
7005,2,1
7006,2,1
7007,2,1
7008,2,1
7009,3,1
7010,5,2
7011,3,1
7012,2,1
7013,2,1
7014,3,1
7015,4,1
7016,3,1
7017,5,2
7018,3,1
7019,4,2
7020,3,1
7021,2,1
7022,2,1
7023,3,1
7024,2,1
7025,4,2
7026,3,1
7027,2,1
7028,5,1
7029,3,1
7030,2,1
7031,5,2
7032,5,2
7033,3,1
7034,2,1
7035,3,1
7036,2,1
7037,2,1
7038,2,1
7039,2,1
7040,3,1
7041,4,1
7042,2,1
7043,3,1
7044,5,1
7045,9,2
7046,3,1
7047,3,2
7048,3,1
7049,6,2
7050,4,2
7051,2,1
7052,6,2
7053,4,1
7054,2,1
7055,3,1
7056,4,1
7057,2,1
7058,8,2
7059,6,2
7060,2,1
7061,4,2
7062,12,4
7063,3,1
7064,2,1
7065,2,1
7066,2,1
7067,7,2
7068,2,1
7069,2,1
7070,2,1
7071,7,3
7072,4,1
7073,2,1
7074,4,1
7075,3,1
7076,4,1
7077,5,1
7078,2,1
7079,2,1
7080,5,1
7081,5,1
7082,8,3
7083,3,1
7084,6,1
7085,9,3
7086,6,2
7087,2,1
7088,2,1
7089,5,2
7090,7,3
7091,4,2
7092,3,1
7093,4,2
7094,5,1
7095,3,1
7096,2,1
7097,4,1
7098,5,1
7099,6,1
7100,2,1
7101,6,2
7102,4,1
7103,3,1
7104,4,1
7105,3,1
7106,3,1
7107,5,1
7108,3,1
7109,2,1
7110,3,1
7111,2,1
7112,6,1
7113,2,1
7114,2,1
7115,2,1
7116,2,1
7117,4,1
7118,5,1
7119,3,1
7120,2,1
7121,2,1
7122,3,1
7123,3,1
7124,4,1
7125,4,1
7126,4,1
7127,3,1
7128,5,2
7129,6,2
7130,4,1
7131,5,2
7132,5,1
7133,4,1
7134,3,1
7135,6,1
7136,4,1
7137,4,2
7138,2,1
7139,4,1
7140,4,1
7141,2,1
7142,3,1
7143,3,1
7144,7,4
7145,5,2
7146,2,1
7147,4,2
7148,2,1
7149,2,1
7150,3,1
7151,5,1
7152,4,1
7153,4,1
7154,2,1
7155,3,1
7156,4,1
7157,5,1
7158,4,1
7159,6,1
7160,3,1
7161,2,1
7162,3,1
7163,2,1
7164,5,1
7165,4,1
7166,2,1
7167,3,1
7168,2,1
7169,3,1
7170,4,1
7171,4,2
7172,3,1
7173,6,1
7174,6,2
7175,4,2
7176,6,2
7177,4,1
7178,6,1
7179,2,1
7180,4,2
7181,5,1
7182,6,2
7183,3,1
7184,7,2
7185,4,2
7186,2,1
7187,3,2
7188,3,2
7189,3,2
7190,2,1
7191,2,1
7192,3,1
7193,2,1
7194,2,1
7195,4,2
7196,3,1
7197,6,2
7198,3,1
7199,2,1
7200,3,2
7201,2,1
7202,3,2
7203,5,1
7204,2,1
7205,2,1
7206,3,2
7207,7,2
7208,2,1
7209,2,1
7210,4,2
7211,4,1
7212,2,1
7213,2,1
7214,3,1
7215,4,3
7216,2,1
7217,4,2
7218,4,2
7219,2,1
7220,2,1
7221,5,2
7222,2,1
7223,3,1
7224,3,2
7225,3,2
7226,2,1
7227,4,2
7228,4,3
7229,4,1
7230,2,1
7231,8,2
7232,3,2
7233,3,1
7234,2,1
7235,3,2
7236,3,1
7237,4,1
7238,4,1
7239,3,2
7240,10,2
7241,3,1
7242,10,3
7243,13,3
7244,4,1
7245,2,1
7246,6,1
7247,3,1
7248,3,1
7249,5,1
7250,2,1
7251,2,1
7252,5,2
7253,9,2
7254,6,1
7255,2,1
7256,3,2
7257,2,1
7258,3,2
7259,2,1
7260,5,2
7261,3,1
7262,2,1
7263,2,1
7264,3,2
7265,2,1
7266,3,2
7267,5,1
7268,3,2
7269,3,1
7270,2,1
7271,4,2
7272,4,2
7273,2,1
7274,2,1
7275,2,1
7276,4,2
7277,3,1
7278,2,1
7279,2,1
7280,2,1
7281,2,1
7282,8,2
7283,6,1
7284,2,1
7285,5,2
7286,2,1
7287,6,2
7288,2,1
7289,3,1
7290,2,1
7291,2,1
7292,3,2
7293,2,1
7294,2,1
7295,7,2
7296,2,1
7297,2,1
7298,5,1
7299,3,1
7300,3,1
7301,2,1
7302,4,1
7303,2,1
7304,3,1
7305,4,1
7306,9,4
7307,2,1
7308,5,2
7309,5,1
7310,2,1
7311,2,1
7312,7,2
7313,3,1
7314,5,1
7315,6,2
7316,3,1
7317,5,2
7318,2,1
7319,10,2
7320,2,1
7321,3,1
7322,2,1
7323,2,1
7324,10,3
7325,4,1
7326,3,2
7327,2,1
7328,3,1
7329,2,1
7330,2,1
7331,2,1
7332,2,1
7333,3,2
7334,2,1
7335,2,1
7336,3,2
7337,3,2
7338,2,1
7339,4,2
7340,2,1
7341,2,1
7342,3,2
7343,6,1
7344,5,1
7345,7,2
7346,2,1
7347,3,1
7348,6,1
7349,2,1
7350,2,1
7351,2,1
7352,2,1
7353,2,1
7354,2,1
7355,2,1
7356,5,1
7357,2,1
7358,4,1
7359,2,1
7360,4,1
7361,2,1
7362,2,1
7363,3,1
7364,2,1
7365,2,1
7366,2,1
7367,4,1
7368,3,1
7369,2,1
7370,4,2
7371,2,1
7372,6,2
7373,3,1
7374,3,2
7375,2,1
7376,4,1
7377,3,2
7378,17,11
7379,4,3
7380,5,2
7381,3,2
7382,3,2
7383,3,2
7384,2,1
7385,2,1
7386,2,1
7387,2,1
7388,8,3
7389,4,2
7390,4,2
7391,5,2
7392,3,2
7393,6,3
7394,3,2
7395,7,3
7396,9,2
7397,7,3
7398,5,2
7399,6,2
7400,4,2
7401,4,2
7402,5,2
7403,2,2
7404,2,2
7405,5,2
7406,8,2
7407,8,2
7408,5,2
7409,4,2
7410,3,2
7411,5,2
7412,3,2
7413,5,2
7414,2,2
7415,6,2
7416,7,3
7417,2,2
7418,6,2
7419,8,4
7420,4,2
7421,2,2
7422,4,2
7423,2,2
7424,5,2
7425,8,4
7426,6,2
7427,2,2
7428,5,2
7429,6,2
7430,2,2
7431,4,2
7432,3,2
7433,4,2
7434,5,2
7435,3,2
7436,4,2
7437,4,2
7438,5,2
7439,3,2
7440,4,2
7441,2,2
7442,2,2
7443,2,2
7444,2,2
7445,4,2
7446,6,2
7447,7,4
7448,5,2
7449,7,2
7450,2,2
7451,2,2
7452,3,2
7453,7,2
7454,2,2
7455,5,2
7456,4,2
7457,6,2
7458,2,2
7459,5,2
7460,4,2
7461,2,2
7462,2,2
7463,2,2
7464,2,2
7465,2,2
7466,2,2
7467,3,2
7468,9,3
7469,2,2
7470,4,2
7471,2,2
7472,4,2
7473,2,2
7474,4,2
7475,8,2
7476,8,2
7477,5,2
7478,6,3
7479,6,3
7480,7,2
7481,4,2
7482,3,2
7483,9,4
7484,10,4
7485,5,3
7486,5,3
7487,8,4
7488,2,2
7489,2,2
7490,5,2
7491,3,2
7492,7,3
7493,4,2
7494,6,2
7495,5,3
7496,6,2
7497,9,3
7498,3,2
7499,4,2
7500,6,2
7501,3,2
7502,5,2
7503,4,2
7504,2,2
7505,3,2
7506,2,2
7507,3,2
7508,4,2
7509,2,2
7510,4,2
7511,2,2
7512,4,2
7513,2,2
7514,18,9
7515,5,2
7516,6,3
7517,8,4
7518,2,2
7519,2,2
7520,5,2
7521,2,2
7522,2,2
7523,5,2
7524,2,2
7525,3,2
7526,5,2
7527,3,2
7528,2,2
7529,7,2
7530,3,2
7531,4,2
7532,2,2
7533,2,2
7534,5,2
7535,2,2
7536,4,2
7537,4,2
7538,3,2
7539,5,3
7540,7,2
7541,2,2
7542,3,2
7543,2,2
7544,3,2
7545,3,2
7546,5,2
7547,2,2
7548,2,2
7549,3,2
7550,2,2
7551,3,2
7552,2,2
7553,5,2
7554,8,2
7555,7,2
7556,4,2
7557,9,3
7558,8,2
7559,8,3
7560,3,2
7561,5,2
7562,4,2
7563,2,2
7564,5,2
7565,8,2
7566,4,2
7567,4,2
7568,5,2
7569,6,2
7570,6,2
7571,2,2
7572,6,3
7573,3,2
7574,4,2
7575,2,2
7576,12,5
7577,5,2
7578,2,2
7579,4,2
7580,4,2
7581,6,2
7582,2,2
7583,2,2
7584,3,2
7585,2,2
7586,6,2
7587,2,2
7588,6,4
7589,2,2
7590,4,2
7591,5,2
7592,2,2
7593,2,2
7594,2,2
7595,2,2
7596,3,2
7597,4,2
7598,5,2
7599,2,2
7600,4,2
7601,4,2
7602,5,2
7603,2,2
7604,2,2
7605,2,2
7606,7,2
7607,6,3
7608,7,2
7609,6,2
7610,4,3
7611,4,2
7612,4,2
7613,4,2
7614,9,2
7615,2,2
7616,2,2
7617,6,3
7618,2,2
7619,9,5
7620,2,2
7621,3,2
7622,4,2
7623,6,2
7624,9,3
7625,2,2
7626,6,2
7627,5,3
7628,2,2
7629,2,2
7630,7,2
7631,2,2
7632,4,2
7633,4,2
7634,2,2
7635,2,2
7636,7,2
7637,4,2
7638,5,2
7639,2,2
7640,2,2
7641,4,2
7642,6,2
7643,3,2
7644,2,2
7645,7,2
7646,2,2
7647,6,2
7648,8,3
7649,9,4
7650,7,2
7651,3,2
7652,6,2
7653,3,3
7654,2,2
7655,3,2
7656,2,2
7657,6,2
7658,2,2
7659,4,2
7660,2,2
7661,4,2
7662,3,2
7663,2,2
7664,2,2
7665,2,2
7666,2,2
7667,5,2
7668,2,2
7669,2,2
7670,5,2
7671,7,2
7672,2,2
7673,5,2
7674,3,2
7675,5,2
7676,2,2
7677,2,2
7678,8,3
7679,5,3
7680,4,2
7681,5,2
7682,5,2
7683,4,2
7684,2,2
7685,2,2
7686,2,2
7687,2,2
7688,2,2
7689,2,2
7690,3,2
7691,2,2
7692,2,2
7693,2,2
7694,2,2
7695,3,2
7696,5,2
7697,3,2
7698,3,2
7699,3,2
7700,4,2
7701,2,2
7702,7,3
7703,2,2
7704,5,2
7705,3,2
7706,2,2
7707,6,2
7708,8,3
7709,7,2
7710,3,2
7711,6,2
7712,2,2
7713,2,2
7714,2,2
7715,2,2
7716,5,2
7717,7,2
7718,3,2
7719,2,2
7720,2,2
7721,7,2
7722,7,2
7723,3,2
7724,3,2
7725,2,2
7726,3,2
7727,7,2
7728,3,2
7729,5,2
7730,2,2
7731,5,2
7732,6,2
7733,2,2
7734,4,2
7735,6,2
7736,2,2
7737,5,2
7738,2,2
7739,3,2
7740,3,2
7741,6,2
7742,2,2
7743,6,2
7744,5,3
7745,5,2
7746,2,2
7747,3,2
7748,5,2
7749,6,2
7750,4,1
7751,3,1
7752,5,2
7753,6,2
7754,2,1
7755,3,1
7756,3,1
7757,6,2
7758,3,1
7759,3,1
7760,3,1
7761,5,1
7762,4,1
7763,4,1
7764,5,1
7765,5,2
7766,6,2
7767,2,1
7768,4,1
7769,3,1
7770,4,2
7771,4,1
7772,4,1
7773,4,2
7774,2,1
7775,5,1
7776,3,1
7777,7,2
7778,3,2
7779,3,2
7780,5,1
7781,2,1
7782,5,2
7783,4,1
7784,2,1
7785,8,3
7786,3,1
7787,2,1
7788,2,1
7789,2,1
7790,4,1
7791,2,1
7792,5,1
7793,3,1
7794,4,1
7795,3,1
7796,2,1
7797,3,1
7798,4,1
7799,3,1
7800,2,1
7801,2,1
7802,6,2
7803,4,2
7804,2,1
7805,3,2
7806,5,1
7807,2,1
7808,6,2
7809,8,2
7810,5,2
7811,4,1
7812,5,1
7813,4,1
7814,4,1
7815,2,1
7816,2,1
7817,5,3
7818,4,1
7819,3,1
7820,4,1
7821,4,1
7822,4,1
7823,4,1
7824,3,1
7825,8,2
7826,4,1
7827,2,1
7828,2,1
7829,5,3
7830,3,2
7831,2,1
7832,5,1
7833,4,1
7834,5,3
7835,2,1
7836,5,1
7837,5,1
7838,6,2
7839,6,2
7840,2,1
7841,4,1
7842,3,2
7843,4,1
7844,2,1
7845,4,1
7846,3,1
7847,4,1
7848,5,2
7849,2,1
7850,5,2
7851,3,2
7852,3,1
7853,4,1
7854,8,2
7855,4,1
7856,5,2
7857,5,2
7858,3,2
7859,4,1
7860,3,2
7861,3,1
7862,6,2
7863,6,2
7864,4,1
7865,3,1
7866,3,1
7867,4,1
7868,6,2
7869,5,1
7870,6,3
7871,3,1
7872,3,1
7873,5,1
7874,11,3
7875,2,1
7876,3,1
7877,2,1
7878,3,1
7879,4,2
7880,3,1
7881,3,1
7882,3,1
7883,2,1
7884,4,1
7885,4,1
7886,2,1
7887,5,2
7888,3,1
7889,2,1
7890,5,1
7891,3,1
7892,6,2
7893,5,2
7894,6,2
7895,5,1
7896,5,3
7897,4,1
7898,2,1
7899,4,1
7900,3,1
7901,3,1
7902,2,1
7903,2,1
7904,8,3
7905,2,1
7906,4,1
7907,5,1
7908,3,2
7909,4,2
7910,4,1
7911,4,1
7912,5,2
7913,4,1
7914,5,1
7915,5,1
7916,2,1
7917,3,1
7918,2,1
7919,2,1
7920,3,1
7921,5,2
7922,7,3
7923,5,2
7924,3,1
7925,3,1
7926,5,1
7927,3,2
7928,4,2
7929,2,1
7930,3,1
7931,4,1
7932,2,1
7933,2,1
7934,5,1
7935,4,2
7936,3,1
7937,3,1
7938,6,2
7939,3,1
7940,5,2
7941,4,1
7942,5,1
7943,2,1
7944,2,1
7945,4,1
7946,5,1
7947,4,1
7948,8,3
7949,5,2
7950,3,1
7951,3,1
7952,5,1
7953,4,1
7954,5,2
7955,4,1
7956,3,1
7957,3,1
7958,2,1
7959,7,3
7960,8,4
7961,4,1
7962,5,1
7963,5,1
7964,4,1
7965,4,1
7966,4,1
7967,2,1
7968,5,1
7969,3,1
7970,4,1
7971,4,1
7972,3,1
7973,3,1
7974,3,2
7975,4,1
7976,4,1
7977,5,4
7978,4,2
7979,4,2
7980,3,2
7981,4,1
7982,4,1
7983,3,2
7984,4,1
7985,3,1
7986,2,1
7987,2,1
7988,3,1
7989,6,2
7990,4,1
7991,5,1
7992,2,1
7993,5,1
7994,3,1
7995,5,1
7996,3,1
7997,3,1
7998,4,1
7999,8,3
8000,2,1
8001,5,1
8002,2,1
8003,4,1
8004,3,1
8005,3,1
8006,2,1
8007,5,2
8008,2,1
8009,4,1
8010,2,1
8011,5,1
8012,5,1
8013,4,1
8014,2,1
8015,3,1
8016,4,1
8017,2,1
8018,2,1
8019,2,1
8020,5,2
8021,4,2
8022,2,1
8023,4,1
8024,4,1
8025,3,1
8026,5,3
8027,5,1
8028,4,2
8029,5,1
8030,4,1
8031,2,1
8032,2,1
8033,2,1
8034,2,1
8035,2,1
8036,4,1
8037,2,1
8038,2,1
8039,3,2
8040,2,1
8041,4,1
8042,4,1
8043,4,1
8044,3,1
8045,2,1
8046,4,1
8047,5,1
8048,3,1
8049,3,1
8050,5,2
8051,5,2
8052,2,1
8053,4,1
8054,3,1
8055,4,1
8056,6,2
8057,3,1
8058,4,1
8059,4,1
8060,5,1
8061,2,1
8062,2,1
8063,5,1
8064,4,1
8065,5,1
8066,3,1
8067,5,3
8068,5,2
8069,4,2
8070,2,1
8071,2,1
8072,5,1
8073,5,1
8074,2,1
8075,5,1
8076,5,1
8077,4,2
8078,5,2
8079,3,1
8080,3,1
8081,2,1
8082,3,1
8083,2,1
8084,2,1
8085,2,1
8086,2,1
8087,5,1
8088,2,1
8089,4,1
8090,4,1
8091,2,1
8092,4,2
8093,5,2
8094,4,1
8095,2,1
8096,4,1
8097,2,1
8098,2,1
8099,5,1
8100,3,1
8101,2,1
8102,4,1
8103,3,1
8104,3,1
8105,4,1
8106,6,3
8107,2,1
8108,2,1
8109,2,1
8110,4,1
8111,6,2
8112,2,1
8113,5,1
8114,4,2
8115,2,1
8116,4,2
8117,4,1
8118,5,1
8119,2,1
8120,3,1
8121,6,2
8122,5,1
8123,3,1
8124,4,1
8125,7,2
8126,3,1
8127,4,2
8128,4,1
8129,5,1
8130,4,1
8131,3,1
8132,2,1
8133,5,2
8134,2,1
8135,3,2
8136,5,1
8137,4,1
8138,2,1
8139,4,1
8140,5,1
8141,5,1
8142,2,1
8143,3,1
8144,2,1
8145,2,1
8146,2,1
8147,6,2
8148,2,1
8149,5,1
8150,3,1
8151,5,1
8152,13,5
8153,4,1
8154,3,1
8155,5,1
8156,4,1
8157,3,1
8158,2,1
8159,5,2
8160,3,1
8161,2,1
8162,3,2
8163,3,1
8164,4,1
8165,2,1
8166,6,2
8167,4,1
8168,4,1
8169,4,1
8170,2,1
8171,3,1
8172,2,1
8173,4,1
8174,5,2
8175,4,1
8176,4,1
8177,5,1
8178,2,1
8179,4,1
8180,6,2
8181,6,3
8182,3,2
8183,2,1
8184,6,2
8185,4,1
8186,5,1
8187,3,2
8188,2,1
8189,4,1
8190,2,1
8191,3,1
8192,4,2
8193,6,3
8194,2,1
8195,5,1
8196,3,1
8197,5,1
8198,4,1
8199,5,1
8200,2,1
8201,2,1
8202,2,1
8203,2,1
8204,5,1
8205,4,1
8206,4,1
8207,2,1
8208,5,1
8209,5,1
8210,2,1
8211,5,1
8212,4,1
8213,2,1
8214,2,1
8215,4,1
8216,2,1
8217,4,2
8218,2,1
8219,2,1
8220,2,1
8221,2,1
8222,2,1
8223,3,1
8224,5,1
8225,4,1
8226,4,2
8227,4,1
8228,4,1
8229,4,1
8230,2,1
8231,6,2
8232,5,1
8233,2,1
8234,3,1
8235,4,1
8236,5,1
8237,3,1
8238,2,1
8239,2,1
8240,2,1
8241,2,1
8242,3,1
8243,2,1
8244,4,1
8245,4,1
8246,4,1
8247,4,1
8248,3,1
8249,2,1
8250,2,1
8251,5,1
8252,2,1
8253,5,2
8254,2,1
8255,4,2
8256,3,1
8257,4,1
8258,5,2
8259,3,1
8260,4,1
8261,2,1
8262,3,1
8263,5,2
8264,5,2
8265,3,2
8266,2,1
8267,4,1
8268,3,1
8269,4,2
8270,5,2
8271,6,2
8272,3,1
8273,4,1
8274,4,1
8275,5,2
8276,2,1
8277,3,2
8278,2,1
8279,2,1
8280,2,1
8281,3,1
8282,3,1
8283,3,1
8284,3,1
8285,5,2
8286,3,1
8287,5,3
8288,4,1
8289,2,1
8290,4,2
8291,3,1
8292,2,1
8293,3,1
8294,4,1
8295,3,1
8296,2,1
8297,2,1
8298,4,1
8299,3,1
8300,3,1
8301,4,1
8302,2,1
8303,2,1
8304,4,1
8305,2,1
8306,2,1
8307,5,1
8308,2,1
8309,4,1
8310,2,1
8311,4,1
8312,2,1
8313,4,1
8314,3,1
8315,5,2
8316,4,1
8317,5,2
8318,6,3
8319,2,1
8320,2,1
8321,5,2
8322,2,1
8323,2,1
8324,3,2
8325,3,1
8326,2,1
8327,3,1
8328,4,1
8329,5,2
8330,5,2
8331,4,1
8332,2,1
8333,2,1
8334,4,1
8335,4,1
8336,3,1
8337,2,1
8338,4,1
8339,3,1
8340,4,1
8341,2,1
8342,3,1
8343,2,1
8344,2,1
8345,2,1
8346,2,1
8347,5,1
8348,5,2
8349,2,1
8350,4,1
8351,3,2
8352,5,2
8353,4,1
8354,3,1
8355,2,1
8356,3,1
8357,3,1
8358,4,1
8359,2,1
8360,2,1
8361,3,1
8362,2,1
8363,3,1
8364,3,1
8365,3,1
8366,2,1
8367,2,1
8368,3,1
8369,2,1
8370,4,1
8371,4,2
8372,3,1
8373,4,1
8374,3,1
8375,5,1
8376,2,1
8377,3,1
8378,4,1
8379,2,1
8380,3,1
8381,2,1
8382,3,2
8383,2,1
8384,3,1
8385,3,1
8386,3,2
8387,2,1
8388,2,1
8389,3,1
8390,3,1
8391,4,1
8392,2,1
8393,3,1
8394,2,1
8395,3,1
8396,2,1
8397,2,1
8398,5,1
8399,5,2
8400,6,2
8401,2,1
8402,4,2
8403,3,1
8404,3,1
8405,4,1
8406,2,1
8407,2,1
8408,4,2
8409,2,1
8410,3,1
8411,2,1
8412,2,1
8413,3,1
8414,3,1
8415,3,1
8416,6,2
8417,3,1
8418,5,2
8419,2,1
8420,4,1
8421,3,1
8422,2,1
8423,4,1
8424,2,1
8425,2,1
8426,4,2
8427,2,1
8428,2,1
8429,6,2
8430,3,2
8431,5,1
8432,2,1
8433,2,1
8434,3,1
8435,2,1
8436,2,1
8437,5,2
8438,2,1
8439,3,1
8440,4,2
8441,5,2
8442,2,1
8443,3,1
8444,8,3
8445,4,2
8446,3,1
8447,2,1
8448,3,1
8449,5,2
8450,4,2
8451,2,1
8452,6,2
8453,3,1
8454,3,1
8455,3,1
8456,3,1
8457,5,2
8458,4,2
8459,3,1
8460,5,2
8461,2,1
8462,2,1
8463,2,1
8464,3,1
8465,2,1
8466,2,1
8467,4,1
8468,3,1
8469,2,1
8470,2,1
8471,2,1
8472,3,1
8473,4,2
8474,3,1
8475,3,2
8476,3,1
8477,2,1
8478,2,1
8479,5,2
8480,3,1
8481,3,1
8482,2,1
8483,2,1
8484,4,2
8485,3,1
8486,3,1
8487,5,2
8488,3,1
8489,5,2
8490,3,1
8491,6,2
8492,2,1
8493,2,1
8494,2,1
8495,4,2
8496,3,2
8497,3,1
8498,2,1
8499,2,1
8500,4,2
8501,2,1
8502,3,1
8503,3,1
8504,2,1
8505,2,1
8506,2,1
8507,4,2
8508,3,1
8509,3,1
8510,3,1
8511,2,1
8512,3,1
8513,2,1
8514,4,1
8515,3,1
8516,3,1
8517,2,1
8518,4,2
8519,2,1
8520,4,2
8521,2,1
8522,2,1
8523,5,2
8524,4,2
8525,3,1
8526,3,1
8527,5,2
8528,3,1
8529,4,2
8530,2,1
8531,3,1
8532,4,2
8533,4,1
8534,2,1
8535,4,1
8536,4,1
8537,5,1
8538,2,1
8539,2,1
8540,2,1
8541,3,1
8542,2,1
8543,5,2
8544,3,1
8545,4,1
8546,2,1
8547,4,1
8548,2,1
8549,2,1
8550,4,1
8551,3,1
8552,2,1
8553,4,1
8554,2,1
8555,5,1
8556,3,1
8557,3,1
8558,4,1
8559,3,2
8560,3,1
8561,2,1
8562,2,1
8563,2,1
8564,2,1
8565,3,1
8566,3,1
8567,4,1
8568,3,2
8569,4,2
8570,2,1
8571,2,1
8572,5,1
8573,2,1
8574,3,1
8575,2,1
8576,2,1
8577,5,2
8578,2,1
8579,2,1
8580,2,1
8581,2,1
8582,2,1
8583,3,2
8584,2,1
8585,2,1
8586,2,1
8587,2,1
8588,2,1
8589,2,1
8590,5,2
8591,2,1
8592,2,1
8593,3,1
8594,2,1
8595,7,2
8596,2,1
8597,4,2
8598,2,1
8599,3,1
8600,7,2
8601,2,1
8602,2,1
8603,2,1
8604,2,1
8605,3,1
8606,2,1
8607,2,1
8608,3,1
8609,2,1
8610,2,1
8611,2,1
8612,3,1
8613,3,2
8614,3,1
8615,2,1
8616,3,2
8617,2,1
8618,2,1
8619,2,1
8620,2,1
8621,2,1
8622,2,1
8623,2,1
8624,3,1
8625,2,1
8626,2,1
8627,2,1
8628,2,1
8629,2,1
8630,2,1
8631,4,1
8632,3,1
8633,2,1
8634,2,1
8635,3,1
8636,4,2
8637,2,1
8638,2,1
8639,2,1
8640,2,1
8641,2,1
8642,2,1
8643,2,1
8644,3,2
8645,2,1
8646,3,1
8647,2,1
8648,2,1
8649,2,1
8650,2,1
8651,5,1
8652,2,1
8653,2,1
8654,2,1
8655,3,2
8656,3,2
8657,2,1
8658,3,1
8659,3,1
8660,2,1
8661,2,1
8662,4,1
8663,2,1
8664,2,1
8665,3,1
8666,2,1
8667,2,1
8668,6,2
8669,2,2
8670,3,3
8671,2,2
8672,2,2
8673,2,2
8674,7,2
8675,3,2
8676,3,3
8677,3,3
8678,5,2
8679,3,2
8680,2,2
8681,2,2
8682,3,2
8683,2,2
8684,2,2
8685,2,2
8686,2,2
8687,2,2
8688,3,2
8689,2,2
8690,5,2
8691,2,2
8692,2,2
8693,2,2
8694,2,2
8695,2,2
8696,2,2
8697,2,2
8698,2,2
8699,2,2
8700,3,3
8701,3,3
8702,3,2
8703,2,2
8704,2,2
8705,17,17
8706,12,12
8707,4,4
8708,2,2
8709,2,2
8710,2,2
8711,2,2
8712,2,2
8713,2,2
8714,3,3
8715,2,2
8716,2,2
8717,2,2
8718,2,2
8719,2,2
8720,3,3
8721,2,2
8722,2,2
8723,2,2
8724,4,4
8725,2,2
8726,2,2
8727,2,2
8728,2,2
8729,6,3
8730,8,4
8731,2,2
8732,5,2
8733,10,4
8734,4,2
8735,2,2
8736,4,2
8737,2,2
8738,2,2
8739,2,2
8740,2,2
8741,2,2
8742,2,2
8743,2,2
8744,2,2
8745,2,2
8746,2,2
8747,6,3
8748,2,2
8749,2,2
8750,2,2
8751,2,2
8752,2,2
8753,3,3
8754,2,2
8755,2,2
8756,2,2
8757,2,2
8758,2,2
8759,2,2
8760,2,2
8761,2,2
8762,2,2
8763,2,2
8764,2,2
8765,3,2
8766,4,2
8767,3,2
8768,4,2
8769,2,2
8770,2,2
8771,2,2
8772,2,2
8773,2,2
8774,2,2
8775,2,2
8776,2,2
8777,2,2
8778,5,2
8779,2,2
8780,7,3
8781,2,2
8782,2,2
8783,3,3
8784,2,2
8785,2,2
8786,3,2
8787,2,2
8788,3,2
8789,2,2
8790,2,2
8791,2,2
8792,2,2
8793,2,2
8794,2,2
8795,2,2
8796,3,3
8797,2,2
8798,2,2
8799,2,2
8800,2,2
8801,2,2
8802,2,2
8803,2,2
8804,3,3
8805,2,2
8806,4,4
8807,3,3
8808,2,2
8809,3,3
8810,3,3
8811,2,2
8812,2,2
8813,2,2
8814,5,2
8815,2,2
8816,2,2
8817,2,2
8818,2,2
8819,4,2
8820,3,2
8821,2,2
8822,2,2
8823,2,2
8824,2,2
8825,2,2
8826,2,2
8827,5,2
8828,4,2
8829,2,2
8830,2,2
8831,2,2
8832,4,4
8833,2,2
8834,2,2
8835,2,2
8836,2,2
8837,2,2
8838,2,2
8839,2,2
8840,2,2
8841,2,2
8842,2,2
8843,2,2
8844,9,4
8845,2,2
8846,2,2
8847,2,2
8848,2,2
8849,2,2
8850,2,2
8851,2,2
8852,4,2
8853,2,2
8854,2,2
8855,2,2
8856,2,2
8857,2,2
8858,2,2
8859,2,2
8860,2,2
8861,3,2
8862,4,2
8863,6,2
8864,2,2
8865,2,2
8866,5,2
8867,2,2
8868,2,2
8869,2,2
8870,2,2
8871,2,2
8872,2,2
8873,2,2
8874,2,2
8875,2,2
8876,2,2
8877,2,2
8878,2,2
8879,2,2
8880,2,2
8881,2,2
8882,2,2
8883,2,2
8884,2,2
8885,2,2
8886,3,1
8887,2,1
8888,2,1
8889,2,1
8890,3,1
8891,2,1
8892,2,1
8893,3,2
8894,2,1
8895,4,2
8896,3,1
8897,3,1
8898,2,1
8899,4,1
8900,5,2
8901,2,1
8902,3,1
8903,2,1
8904,4,1
8905,2,1
8906,3,1
8907,3,2
8908,4,1
8909,2,1
8910,2,1
8911,5,2
8912,2,1
8913,5,2
8914,9,3
8915,4,1
8916,5,3
8917,2,1
8918,4,1
8919,2,1
8920,3,1
8921,2,1
8922,2,1
8923,2,1
8924,3,1
8925,3,1
8926,2,1
8927,4,1
8928,4,1
8929,6,2
8930,2,1
8931,7,4
8932,6,2
8933,3,1
8934,5,2
8935,7,4
8936,3,1
8937,2,1
8938,4,1
8939,3,1
8940,3,1
8941,2,1
8942,5,2
8943,2,1
8944,2,1
8945,2,1
8946,2,1
8947,3,1
8948,6,2
8949,3,1
8950,4,1
8951,3,1
8952,5,2
8953,2,1
8954,2,1
8955,3,1
8956,2,1
8957,4,2
8958,3,1
8959,3,1
8960,3,1
8961,5,3
8962,2,1
8963,4,1
8964,2,1
8965,4,1
8966,2,1
8967,4,1
8968,3,1
8969,2,1
8970,2,1
8971,4,1
8972,2,1
8973,4,1
8974,2,1
8975,2,1
8976,2,1
8977,2,1
8978,4,1
8979,3,1
8980,3,1
8981,4,2
8982,4,1
8983,3,1
8984,2,1
8985,2,1
8986,5,2
8987,4,1
8988,4,1
8989,2,1
8990,2,1
8991,2,1
8992,3,1
8993,2,1
8994,2,1
8995,3,2
8996,2,1
8997,5,2
8998,3,1
8999,3,1
9000,4,1
9001,2,1
9002,2,1
9003,2,1
9004,3,1
9005,2,1
9006,5,2
9007,3,1
9008,6,2
9009,6,3
9010,3,1
9011,5,2
9012,4,1
9013,2,1
9014,4,1
9015,4,1
9016,2,1
9017,7,2
9018,4,1
9019,2,1
9020,4,1
9021,4,2
9022,4,1
9023,2,1
9024,3,1
9025,4,1
9026,2,1
9027,5,2
9028,3,1
9029,2,1
9030,4,1
9031,3,1
9032,4,1
9033,2,1
9034,4,1
9035,2,1
9036,3,1
9037,2,1
9038,4,1
9039,2,1
9040,4,1
9041,3,1
9042,2,1
9043,3,1
9044,3,1
9045,3,1
9046,2,1
9047,4,2
9048,4,1
9049,3,1
9050,2,1
9051,3,2
9052,2,1
9053,2,1
9054,3,1
9055,3,1
9056,3,1
9057,4,1
9058,3,1
9059,2,1
9060,4,1
9061,2,1
9062,2,1
9063,3,1
9064,3,1
9065,5,2
9066,3,1
9067,2,1
9068,2,1
9069,2,1
9070,2,1
9071,2,1
9072,3,1
9073,3,1
9074,3,1
9075,3,1
9076,3,1
9077,3,2
9078,2,1
9079,3,1
9080,3,1
9081,3,1
9082,2,1
9083,4,1
9084,3,1
9085,3,1
9086,6,2
9087,4,1
9088,3,1
9089,4,2
9090,2,1
9091,4,2
9092,4,1
9093,2,1
9094,3,1
9095,2,1
9096,2,1
9097,4,2
9098,2,1
9099,5,2
9100,4,2
9101,2,1
9102,2,1
9103,3,2
9104,3,1
9105,3,1
9106,2,1
9107,2,1
9108,2,1
9109,2,1
9110,4,1
9111,2,1
9112,2,1
9113,2,1
9114,3,2
9115,3,2
9116,2,1
9117,2,1
9118,2,1
9119,2,1
9120,5,2
9121,2,1
9122,2,1
9123,2,1
9124,3,2
9125,2,1
9126,4,1
9127,4,2
9128,2,1
9129,2,1
9130,2,1
9131,3,1
9132,4,2
9133,4,1
9134,2,1
9135,2,1
9136,2,1
9137,2,1
9138,3,1
9139,3,2
9140,2,1
9141,3,1
9142,2,1
9143,3,1
9144,2,1
9145,2,1
9146,4,2
9147,2,1
9148,2,1
9149,2,1
9150,2,1
9151,3,2
9152,2,1
9153,2,1
9154,2,1
9155,2,1
9156,4,2
9157,2,1
9158,2,1
9159,3,2
9160,3,2
9161,3,1
9162,3,1
9163,3,1
9164,2,1
9165,2,1
9166,2,1
9167,2,1
9168,2,1
9169,3,1
9170,2,1
9171,3,2
9172,2,1
9173,4,1
9174,2,1
9175,2,1
9176,2,1
9177,2,1
9178,3,1
9179,2,1
9180,2,1
9181,3,2
9182,4,2
9183,3,1
9184,4,2
9185,2,1
9186,2,1
9187,4,2
9188,2,1
9189,3,1
9190,2,1
9191,2,1
9192,2,1
9193,2,1
9194,4,2
9195,2,1
9196,2,1
9197,3,2
9198,5,2
9199,2,1
9200,3,1
9201,2,1
9202,5,2
9203,2,2
9204,2,2
9205,5,5
9206,2,2
9207,2,2
9208,3,3
9209,2,2
9210,5,5
9211,3,3
9212,2,2
9213,2,2
9214,2,2
9215,3,3
9216,2,2
9217,2,2
9218,2,2
9219,2,2
9220,2,2
9221,2,2
9222,2,2
9223,2,2
9224,2,2
9225,2,2
9226,3,3
9227,2,2
9228,2,2
9229,2,2
9230,2,2
9231,3,3
9232,2,2
9233,2,2
9234,3,3
9235,2,2
9236,2,2
9237,3,3
9238,2,2
9239,2,2
9240,2,2
9241,2,2
9242,4,4
9243,2,2
9244,2,2
9245,2,2
9246,2,2
9247,2,2
9248,2,2
9249,2,2
9250,3,3
9251,2,2
9252,2,2
9253,2,2
9254,2,2
9255,2,2
9256,2,2
9257,2,2
9258,2,2
9259,2,2
9260,3,3
9261,2,2
9262,3,3
9263,2,2
9264,2,2
9265,2,2
9266,2,2
9267,2,2
9268,2,2
9269,2,2
9270,2,2
9271,2,2
9272,2,2
9273,3,3
9274,2,2
9275,4,4
9276,2,2
9277,3,3
9278,2,2
9279,2,2
9280,4,2
9281,6,5
9282,2,2
9283,2,2
9284,2,2
9285,2,2
9286,2,2
9287,2,2
9288,2,2
9289,2,2
9290,2,2
9291,2,2
9292,2,2
9293,2,2
9294,2,2
9295,2,2
9296,2,2
9297,3,3
9298,2,2
9299,2,2
9300,2,2
9301,2,2
9302,4,2
9303,2,2
9304,2,2
9305,2,2
9306,2,2
9307,3,3
9308,2,2
9309,3,2
9310,2,2
9311,2,2
9312,3,3
9313,2,2
9314,2,2
9315,2,2
9316,2,2
9317,2,2
9318,2,2
9319,2,2
9320,2,2
9321,2,2
9322,2,2
9323,2,2
9324,5,2
9325,5,2
9326,3,1
9327,4,2
9328,3,1
9329,2,1
9330,4,2
9331,3,1
9332,4,2
9333,2,1
9334,3,1
9335,3,1
9336,3,1
9337,3,1
9338,4,2
9339,3,1
9340,3,1
9341,3,1
9342,3,1
9343,2,1
9344,3,1
9345,4,2
9346,2,1
9347,2,1
9348,4,2
9349,4,2
9350,3,1
9351,5,2
9352,2,1
9353,3,1
9354,5,2
9355,2,1
9356,2,1
9357,3,1
9358,2,1
9359,4,2
9360,4,2
9361,2,1
9362,2,1
9363,2,1
9364,3,1
9365,2,1
9366,2,1
9367,3,1
9368,3,1
9369,3,1
9370,3,1
9371,3,1
9372,2,1
9373,2,1
9374,2,1
9375,2,1
9376,2,1
9377,2,1
9378,2,1
9379,2,1
9380,3,1
9381,3,1
9382,2,1
9383,4,2
9384,2,1
9385,3,1
9386,2,1
9387,2,1
9388,2,1
9389,2,1
9390,2,1
9391,3,2
9392,3,1
9393,2,1
9394,2,1
9395,2,1
9396,2,1
9397,2,1
9398,2,1
9399,3,1
9400,2,1
9401,4,2
9402,2,1
9403,2,1
9404,2,1
9405,3,1
9406,3,1
9407,2,1
9408,3,2
9409,2,1
9410,3,1
9411,2,1
9412,2,1
9413,2,1
9414,2,1
9415,2,1
9416,2,1
9417,3,1
9418,2,1
9419,3,2
9420,2,1
9421,2,1
9422,3,1
9423,2,1
9424,2,1
9425,2,1
9426,2,1
9427,2,1
9428,2,1
9429,2,1
9430,2,1
9431,3,2
9432,3,2
9433,2,1
9434,2,1
9435,2,1
9436,3,2
9437,2,1
9438,2,1
9439,3,1
9440,3,2
9441,2,1
9442,2,1
9443,2,1
9444,2,1
9445,2,1
9446,3,1
9447,2,1
9448,3,1
9449,2,1
9450,3,2
9451,2,1
9452,2,1
9453,3,1
9454,2,1
9455,2,1
9456,2,1
9457,3,1
9458,2,1
9459,2,1
9460,2,1
9461,3,2
9462,2,1
9463,2,2
9464,2,2
9465,2,2
9466,2,2
9467,2,2
9468,2,2
9469,2,2
9470,2,2
9471,4,2
9472,2,2
9473,2,2
9474,2,2
9475,2,2
9476,2,2
9477,3,2
9478,2,2
9479,2,2
9480,2,2
9481,3,2
9482,2,2
9483,2,2
9484,2,2
9485,2,2
9486,2,2
9487,2,2
9488,2,2
9489,2,2
9490,2,2
9491,2,2
9492,2,2
9493,2,2
9494,2,2
9495,2,2
9496,2,2
9497,3,3
9498,4,2
9499,2,2
9500,2,2
9501,2,2
9502,6,4
9503,2,2
9504,2,2
9505,2,2
9506,3,2
9507,2,2
9508,2,2
9509,3,3
9510,3,3
9511,2,2
9512,4,2
9513,2,2
9514,2,2
9515,2,2
9516,2,2
9517,3,2
9518,2,2
9519,2,2
9520,2,2
9521,2,2
9522,2,2
9523,2,2
9524,2,2
9525,2,2
9526,2,2
9527,4,2
9528,2,2
9529,5,3
9530,2,2
9531,2,2
9532,2,2
9533,2,2
9534,4,3
9535,8,4
9536,2,2
9537,2,2
9538,4,2
9539,2,2
9540,2,2
9541,2,2
9542,2,2
9543,4,2
9544,4,2
9545,2,2
9546,2,2
9547,4,3
9548,4,3
9549,2,2
9550,3,2
9551,2,1
9552,2,1
9553,2,1
9554,2,1
9555,2,1
9556,2,1
9557,2,1
9558,3,2
9559,2,1
9560,2,1
9561,2,1
9562,2,1
9563,2,1
9564,2,1
9565,3,2
9566,3,2
9567,2,1
9568,2,1
9569,3,2
9570,3,2
9571,3,2
9572,3,2
9573,2,1
9574,2,1
9575,2,1
9576,2,1
9577,2,1
9578,2,1
9579,2,1
9580,2,1
9581,3,2
9582,2,1
9583,2,1
9584,2,1
9585,2,1
9586,2,1
9587,2,1
9588,2,1
9589,2,1
9590,2,1
9591,2,1
9592,3,2
9593,4,2
9594,2,1
9595,2,1
9596,4,3
9597,2,1
9598,2,1
9599,2,1
9600,3,2
9601,2,1
9602,3,2
9603,3,2
9604,3,2
9605,2,1
9606,2,1
9607,2,1
9608,2,1
9609,2,1
9610,2,1
9611,2,1
9612,2,1
9613,2,1
9614,2,1
9615,2,1
9616,4,3
9617,2,1
9618,3,2
9619,3,2
9620,2,1
9621,2,1
9622,2,1
9623,2,1
9624,2,1
9625,3,2
9626,4,2
9627,3,2
9628,2,1
9629,2,1
9630,2,1
9631,2,1
9632,2,1
9633,2,1
9634,2,1
9635,2,1
9636,2,1
9637,2,1
9638,2,1
9639,2,1
9640,2,1
9641,2,1
9642,2,1
9643,2,1
9644,2,1
9645,2,1
9646,2,1
9647,2,1
9648,2,1
9649,2,1
9650,2,1
9651,2,1
9652,2,1
9653,2,1
9654,2,1
9655,3,2
9656,2,1
9657,2,1
9658,2,1
9659,2,1
9660,2,1
9661,2,1
9662,3,2
9663,2,1
9664,3,2
9665,2,1
9666,2,1
9667,3,2
9668,3,2
9669,2,1
9670,3,2
9671,3,2
9672,3,2
9673,2,1
9674,3,2
9675,2,1
9676,3,2
9677,2,1
9678,2,1
9679,2,1
9680,3,2
9681,2,1
9682,3,2
9683,2,1
9684,2,1
9685,2,1
9686,2,1
9687,2,1
9688,3,2
9689,3,2
9690,2,1
9691,2,1
9692,2,1
9693,2,1
9694,3,2
9695,2,1
9696,3,2
9697,3,2
9698,3,2
9699,2,1
9700,2,1
9701,3,2
9702,2,1
9703,3,2
9704,2,1
9705,2,1
9706,2,1
9707,2,1
9708,2,1
9709,3,2
9710,2,1
9711,2,1
9712,2,1
9713,2,1
9714,2,1
9715,2,1
9716,2,1
9717,3,2
9718,2,1
9719,2,1
9720,2,1
9721,2,1
9722,3,2
9723,3,2
9724,3,2
9725,2,1
9726,2,1
9727,2,1
9728,4,2
9729,3,2
9730,2,1
9731,3,2
9732,4,3
9733,3,2
9734,3,2
9735,3,2
9736,2,1
9737,2,1
9738,2,1
9739,2,1
9740,2,1
9741,2,1
9742,2,1
9743,2,1
9744,2,1
9745,2,1
9746,3,2
9747,2,1
9748,2,1
9749,2,1
9750,2,1
9751,3,2
9752,2,1
9753,2,1
9754,2,1
9755,3,2
9756,2,1
9757,2,1
9758,3,2
9759,2,1
9760,2,1
9761,2,1
9762,2,1
9763,2,1
9764,2,1
9765,2,1
9766,3,2
9767,2,1
9768,2,1
9769,2,1
9770,2,1
9771,2,1
9772,2,1
9773,2,1
9774,2,1
9775,2,1
9776,2,1
9777,3,2
9778,3,2
9779,2,1
9780,2,1
9781,2,1
9782,2,1
9783,2,1
9784,2,1
9785,2,1
9786,2,1
9787,2,1
9788,2,1
9789,2,1
9790,2,1
9791,3,2
9792,2,1
9793,2,1
9794,2,1
9795,2,1
9796,3,2
9797,2,1
9798,2,1
9799,2,1
9800,2,1
9801,2,1
9802,2,1
9803,2,1
9804,2,1
9805,4,3
9806,2,1
9807,2,1
9808,2,1
9809,2,1
9810,2,1
9811,2,1
9812,3,2
9813,2,1
9814,2,1
9815,2,1
9816,2,1
9817,3,2
9818,2,1
9819,2,1
9820,2,1
9821,2,1
9822,2,1
9823,3,2
9824,2,1
9825,2,1
9826,2,1
9827,3,2
9828,2,1
9829,2,1
9830,2,1
9831,2,1
9832,3,2
9833,3,2
9834,2,1
9835,2,1
9836,3,2
9837,2,1
9838,3,2
9839,2,1
9840,2,1
9841,2,1
9842,2,1
9843,3,2
9844,2,1
9845,2,1
9846,2,1
9847,2,1
9848,2,1
9849,2,2
9850,9,9
9851,38,38
9852,2,2
9853,2,2
9854,2,2
9855,2,2
9856,2,2
9857,2,2
9858,2,2
9859,2,2
9860,2,2
9861,2,2
9862,2,2
9863,2,2
9864,2,2
9865,2,2
9866,2,2
9867,2,2
9868,2,2
9869,2,2
9870,2,2
9871,2,2
9872,2,2
9873,2,2
9874,2,2
9875,2,2
9876,2,2
9877,2,2
9878,2,2
9879,2,2
9880,5,5
9881,5,5
9882,4,4
9883,2,2
9884,2,2
9885,2,2
9886,2,2
9887,7,7
9888,2,2
9889,2,2
9890,2,2
9891,2,2
9892,2,2
9893,2,2
9894,2,2
9895,2,2
9896,2,2
9897,2,2
9898,2,2
9899,2,2
9900,2,2
9901,2,2
9902,3,3
9903,2,2
9904,2,2
9905,2,2
9906,2,2
9907,6,6
9908,2,2
9909,3,3
9910,2,2
9911,2,2
9912,2,2
9913,2,2
9914,2,2
9915,2,2
9916,2,2
9917,2,2
9918,2,2
9919,2,2
9920,2,2
9921,2,2
9922,2,2
9923,2,2
9924,2,2
9925,2,2
9926,2,2
9927,2,2
9928,2,2
9929,2,2
9930,2,2
9931,2,2
9932,2,2
9933,2,2
9934,3,3
9935,2,2
9936,2,2
9937,2,2
9938,2,2
9939,2,2
9940,2,2
9941,2,2
9942,2,2
9943,2,2
9944,2,2
9945,2,2
9946,2,2
9947,2,2
9948,2,2
9949,2,2
9950,2,2
9951,2,2
9952,2,2
9953,2,2
9954,2,2
9955,2,2
9956,2,2
9957,2,2
9958,2,2
9959,2,2
9960,2,2
9961,2,2
9962,2,2
9963,2,2
9964,2,2
9965,2,2
9966,2,2
9967,2,2
9968,2,2
9969,2,2
9970,2,2
9971,2,2
9972,2,2
9973,2,2
9974,2,2
9975,2,2
9976,2,2
9977,2,2
9978,2,2
9979,2,2
9980,2,2
9981,2,2
9982,2,2
9983,2,2
9984,2,2
9985,2,2
9986,2,2
9987,2,2
9988,2,2
9989,2,2
9990,2,2
9991,2,2
9992,2,2
9993,2,2
9994,2,2
9995,2,2
9996,2,2
9997,2,2
9998,2,2
9999,2,2
10000,2,2
10001,2,2
10002,2,2
10003,2,2
10004,2,2
10005,2,2
10006,2,2
10007,2,2
10008,2,2
10009,2,2
10010,2,2
10011,2,2
10012,2,2
10013,2,2
10014,2,2
10015,2,2
10016,2,2
10017,2,2
10018,2,2
10019,2,2
10020,2,2
10021,2,2
10022,2,2
10023,2,2
10024,2,2
10025,2,2
10026,2,2
10027,2,2
10028,2,2
10029,2,2
10030,3,3
10031,3,3
10032,2,2
10033,2,2
10034,2,2
10035,2,2
10036,2,2
10037,2,2
10038,2,2
10039,2,2
10040,2,2
10041,2,2
10042,2,2
10043,2,2
10044,2,2
10045,2,2
10046,2,2
10047,2,2
10048,2,2
10049,2,2
10050,2,2
10051,2,2
10052,2,2
10053,2,2
10054,2,2
10055,2,2
10056,2,2
10057,2,2
10058,2,2
10059,2,2
10060,2,2
10061,2,2
10062,2,2
10063,2,2
10064,2,2
10065,2,2
10066,2,2
10067,2,2
10068,3,3
10069,2,2
10070,2,2
10071,2,2
10072,2,2
10073,2,2
10074,2,2
10075,2,2
10076,2,2
10077,2,2
10078,2,2
10079,2,2
10080,2,2
10081,2,2
10082,2,2
10083,2,2
10084,2,2
10085,2,2
10086,2,2
10087,2,2
10088,2,2
10089,2,2
10090,2,2
10091,2,2
10092,2,2
10093,2,2
10094,2,2
10095,2,2
10096,2,2
10097,2,2
10098,2,2
10099,2,2
10100,2,2
10101,2,2
10102,2,2
10103,2,2
10104,2,2
10105,2,2
10106,2,2
10107,2,2
10108,2,2
10109,2,2
10110,2,2
10111,2,2
10112,2,2
10113,2,2
10114,2,2
10115,2,2
10116,2,2
10117,2,2
10118,2,2
10119,2,2
10120,2,2
10121,2,2
10122,2,2
10123,2,2
10124,2,2
10125,2,2
10126,2,2
10127,2,2
10128,2,2
10129,2,2
10130,2,2
10131,2,2
10132,2,2
10133,2,2
10134,3,3
10135,2,2
10136,2,2
10137,2,2
10138,2,2
10139,2,2
10140,2,2
10141,4,4
10142,2,2
10143,2,2
10144,2,2
10145,2,2
10146,2,2
10147,2,2
10148,4,4
10149,2,2
10150,2,2
10151,2,2
10152,2,2
10153,2,2
10154,2,2
10155,2,2
10156,2,2
10157,2,2
10158,2,2
10159,2,2
10160,2,2
10161,2,2
10162,2,2
10163,2,2
10164,2,2
10165,2,2
10166,2,2
10167,2,2
10168,2,2
10169,2,2
10170,2,2
10171,2,2
10172,2,2
10173,2,2
10174,2,2
10175,2,2
10176,2,2
10177,2,2
10178,2,2
10179,2,2
10180,2,2
10181,2,2
10182,2,2
10183,2,2
10184,2,2
10185,2,2
10186,2,2
10187,2,2
10188,2,2
10189,2,2
10190,2,2
10191,2,2
10192,2,2
10193,2,2
10194,2,2
10195,2,2
10196,2,2
10197,2,2
10198,2,2
10199,2,2
10200,2,2
10201,2,2
10202,2,2
10203,2,2
10204,2,2
10205,2,2
10206,3,3
10207,2,2
10208,2,2
10209,2,2
10210,2,2
10211,2,2
10212,2,2
10213,2,2
10214,2,2
10215,2,2
10216,2,2
10217,2,2
10218,2,2
10219,2,2
10220,2,2
10221,2,2
10222,2,2
10223,2,2
10224,2,2
10225,2,2
10226,2,2
10227,2,2
10228,2,2
10229,2,2
10230,2,2
10231,2,2
10232,2,2
10233,2,2
10234,2,2
10235,4,4
10236,2,2
10237,2,2
10238,2,2
10239,2,2
10240,2,2
10241,2,2
10242,2,2
10243,2,2
10244,2,2
10245,2,2
10246,2,2
10247,2,2
10248,2,2
10249,2,2
10250,2,2
10251,2,2
10252,2,2
10253,2,2
10254,2,2
10255,2,2
10256,2,2
10257,2,2
10258,2,2
10259,2,2
10260,2,2
10261,2,2
10262,2,2
10263,2,2
10264,2,2
10265,2,2
10266,2,2
10267,2,2
10268,2,2
10269,2,2
10270,2,2
10271,2,2
10272,2,2
10273,2,2
10274,2,2
10275,2,2
10276,2,2
10277,2,2
10278,2,2
10279,2,2
